2026-05-28 00:01:29,776 - WARNING - Skipping file with long duration (0 days 09:51:35): /mnt/nfs/lss/vosslabhpc/Projects/BOOST/InterventionStudy/3-experiment/data/polarhrcsv/Supervised/sub8006/8006_wk6_ses29.CSV
2026-05-28 00:01:30,822 - WARNING - Could not parse week from filename: 8092_week4_ses17.CSV; skipping
2026-05-28 00:01:30,822 - WARNING - Skipping file with unparseable week: /mnt/nfs/lss/vosslabhpc/Projects/BOOST/InterventionStudy/3-experiment/data/polarhrcsv/Supervised/sub8092/8092_week4_ses17.CSV
2026-05-28 00:01:30,822 - WARNING - Could not parse week from filename: 8092_week4_ses19.CSV; skipping
2026-05-28 00:01:30,822 - WARNING - Skipping file with unparseable week: /mnt/nfs/lss/vosslabhpc/Projects/BOOST/InterventionStudy/3-experiment/data/polarhrcsv/Supervised/sub8092/8092_week4_ses19.CSV
2026-05-28 00:01:30,822 - WARNING - Could not parse week from filename: 8092_week2_ses10.CSV; skipping
2026-05-28 00:01:30,822 - WARNING - Skipping file with unparseable week: /mnt/nfs/lss/vosslabhpc/Projects/BOOST/InterventionStudy/3-experiment/data/polarhrcsv/Supervised/sub8092/8092_week2_ses10.CSV
2026-05-28 00:01:30,822 - WARNING - Could not parse week from filename: 8092_week4_ses18.CSV; skipping
2026-05-28 00:01:30,822 - WARNING - Skipping file with unparseable week: /mnt/nfs/lss/vosslabhpc/Projects/BOOST/InterventionStudy/3-experiment/data/polarhrcsv/Supervised/sub8092/8092_week4_ses18.CSV
2026-05-28 00:01:30,822 - WARNING - Could not parse week from filename: 8092_week4_ses16.CSV; skipping
2026-05-28 00:01:30,822 - WARNING - Skipping file with unparseable week: /mnt/nfs/lss/vosslabhpc/Projects/BOOST/InterventionStudy/3-experiment/data/polarhrcsv/Supervised/sub8092/8092_week4_ses16.CSV
2026-05-28 00:01:30,822 - WARNING - Could not parse week from filename: 8082_week1_ses1.CSV; skipping
2026-05-28 00:01:30,822 - WARNING - Skipping file with unparseable week: /mnt/nfs/lss/vosslabhpc/Projects/BOOST/InterventionStudy/3-experiment/data/polarhrcsv/Supervised/sub8092/8082_week1_ses1.CSV
2026-05-28 00:01:30,822 - WARNING - Could not parse week from filename: 8092_week3_ses11.CSV; skipping
2026-05-28 00:01:30,822 - WARNING - Skipping file with unparseable week: /mnt/nfs/lss/vosslabhpc/Projects/BOOST/InterventionStudy/3-experiment/data/polarhrcsv/Supervised/sub8092/8092_week3_ses11.CSV
2026-05-28 00:01:30,822 - WARNING - Could not parse week from filename: 8082_week2_ses6.CSV; skipping
2026-05-28 00:01:30,822 - WARNING - Skipping file with unparseable week: /mnt/nfs/lss/vosslabhpc/Projects/BOOST/InterventionStudy/3-experiment/data/polarhrcsv/Supervised/sub8092/8082_week2_ses6.CSV
2026-05-28 00:01:30,822 - WARNING - Could not parse week from filename: 8082_week2_ses8.CSV; skipping
2026-05-28 00:01:30,822 - WARNING - Skipping file with unparseable week: /mnt/nfs/lss/vosslabhpc/Projects/BOOST/InterventionStudy/3-experiment/data/polarhrcsv/Supervised/sub8092/8082_week2_ses8.CSV
2026-05-28 00:01:30,822 - WARNING - Could not parse week from filename: 8082_week1_ses5.CSV; skipping
2026-05-28 00:01:30,822 - WARNING - Skipping file with unparseable week: /mnt/nfs/lss/vosslabhpc/Projects/BOOST/InterventionStudy/3-experiment/data/polarhrcsv/Supervised/sub8092/8082_week1_ses5.CSV
2026-05-28 00:01:30,822 - WARNING - Could not parse week from filename: 8092_week3_ses12.CSV; skipping
2026-05-28 00:01:30,822 - WARNING - Skipping file with unparseable week: /mnt/nfs/lss/vosslabhpc/Projects/BOOST/InterventionStudy/3-experiment/data/polarhrcsv/Supervised/sub8092/8092_week3_ses12.CSV
2026-05-28 00:01:30,822 - WARNING - Could not parse week from filename: 8092_week3_ses15.CSV; skipping
2026-05-28 00:01:30,822 - WARNING - Skipping file with unparseable week: /mnt/nfs/lss/vosslabhpc/Projects/BOOST/InterventionStudy/3-experiment/data/polarhrcsv/Supervised/sub8092/8092_week3_ses15.CSV
2026-05-28 00:01:30,822 - WARNING - Could not parse week from filename: 8082_week1_ses2.CSV; skipping
2026-05-28 00:01:30,822 - WARNING - Skipping file with unparseable week: /mnt/nfs/lss/vosslabhpc/Projects/BOOST/InterventionStudy/3-experiment/data/polarhrcsv/Supervised/sub8092/8082_week1_ses2.CSV
2026-05-28 00:01:30,822 - WARNING - Could not parse week from filename: 8092_week4_ses20.CSV; skipping
2026-05-28 00:01:30,822 - WARNING - Skipping file with unparseable week: /mnt/nfs/lss/vosslabhpc/Projects/BOOST/InterventionStudy/3-experiment/data/polarhrcsv/Supervised/sub8092/8092_week4_ses20.CSV
2026-05-28 00:01:30,822 - WARNING - Could not parse week from filename: 8092_week3_ses14.CSV; skipping
2026-05-28 00:01:30,823 - WARNING - Skipping file with unparseable week: /mnt/nfs/lss/vosslabhpc/Projects/BOOST/InterventionStudy/3-experiment/data/polarhrcsv/Supervised/sub8092/8092_week3_ses14.CSV
2026-05-28 00:01:30,823 - WARNING - Could not parse week from filename: 8082_week1_ses3.CSV; skipping
2026-05-28 00:01:30,823 - WARNING - Skipping file with unparseable week: /mnt/nfs/lss/vosslabhpc/Projects/BOOST/InterventionStudy/3-experiment/data/polarhrcsv/Supervised/sub8092/8082_week1_ses3.CSV
2026-05-28 00:01:30,823 - WARNING - Could not parse week from filename: 8082_week1_ses4.CSV; skipping
2026-05-28 00:01:30,823 - WARNING - Skipping file with unparseable week: /mnt/nfs/lss/vosslabhpc/Projects/BOOST/InterventionStudy/3-experiment/data/polarhrcsv/Supervised/sub8092/8082_week1_ses4.CSV
2026-05-28 00:01:30,823 - WARNING - Could not parse week from filename: 8092_week3_ses13.CSV; skipping
2026-05-28 00:01:30,823 - WARNING - Skipping file with unparseable week: /mnt/nfs/lss/vosslabhpc/Projects/BOOST/InterventionStudy/3-experiment/data/polarhrcsv/Supervised/sub8092/8092_week3_ses13.CSV
2026-05-28 00:01:30,823 - WARNING - Could not parse week from filename: 8082_week2_ses7.CSV; skipping
2026-05-28 00:01:30,823 - WARNING - Skipping file with unparseable week: /mnt/nfs/lss/vosslabhpc/Projects/BOOST/InterventionStudy/3-experiment/data/polarhrcsv/Supervised/sub8092/8082_week2_ses7.CSV
2026-05-28 00:01:30,823 - WARNING - Could not parse week from filename: 8092_week5_ses21.CSV; skipping
2026-05-28 00:01:30,823 - WARNING - Skipping file with unparseable week: /mnt/nfs/lss/vosslabhpc/Projects/BOOST/InterventionStudy/3-experiment/data/polarhrcsv/Supervised/sub8092/8092_week5_ses21.CSV
2026-05-28 00:01:30,823 - WARNING - Could not parse week from filename: 8092_week2_ses9.CSV; skipping
2026-05-28 00:01:30,823 - WARNING - Skipping file with unparseable week: /mnt/nfs/lss/vosslabhpc/Projects/BOOST/InterventionStudy/3-experiment/data/polarhrcsv/Supervised/sub8092/8092_week2_ses9.CSV
2026-05-28 00:01:30,823 - WARNING - Could not parse week from filename: 8098_week1_ses1.CSV; skipping
2026-05-28 00:01:30,823 - WARNING - Skipping file with unparseable week: /mnt/nfs/lss/vosslabhpc/Projects/BOOST/InterventionStudy/3-experiment/data/polarhrcsv/Supervised/sub8098/8098_week1_ses1.CSV
2026-05-28 00:01:49,183 - WARNING - Skipping file with long duration (0 days 04:44:14): /mnt/nfs/lss/vosslabhpc/Projects/BOOST/InterventionStudy/3-experiment/data/polarhrcsv/Supervised/sub8020/8020_wk6_ses30.CSV
2026-05-28 00:01:49,747 - WARNING - Skipping file with long duration (0 days 05:52:09): /mnt/nfs/lss/vosslabhpc/Projects/BOOST/InterventionStudy/3-experiment/data/polarhrcsv/Supervised/sub8020/8020_wk5_ses21.CSV
2026-05-28 00:01:51,411 - WARNING - Skipping file with long duration (0 days 11:04:25): /mnt/nfs/lss/vosslabhpc/Projects/BOOST/InterventionStudy/3-experiment/data/polarhrcsv/Supervised/sub8020/8020_wk5_ses23.CSV
2026-05-28 00:01:51,822 - WARNING - Skipping file with long duration (0 days 10:29:40): /mnt/nfs/lss/vosslabhpc/Projects/BOOST/InterventionStudy/3-experiment/data/polarhrcsv/Supervised/sub8020/8020_wk5_ses24.CSV
2026-05-28 00:02:24,589 - WARNING - Could not parse week from filename: 8096_week1_ses3.CSV; skipping
2026-05-28 00:02:24,589 - WARNING - Skipping file with unparseable week: /mnt/nfs/lss/vosslabhpc/Projects/BOOST/InterventionStudy/3-experiment/data/polarhrcsv/Supervised/sub8096/8096_week1_ses3.CSV
2026-05-28 00:02:24,589 - WARNING - Could not parse week from filename: 8096_week1_ses4.CSV; skipping
2026-05-28 00:02:24,589 - WARNING - Skipping file with unparseable week: /mnt/nfs/lss/vosslabhpc/Projects/BOOST/InterventionStudy/3-experiment/data/polarhrcsv/Supervised/sub8096/8096_week1_ses4.CSV
2026-05-28 00:02:24,589 - WARNING - Could not parse week from filename: 8096_week2_ses7.CSV; skipping
2026-05-28 00:02:24,589 - WARNING - Skipping file with unparseable week: /mnt/nfs/lss/vosslabhpc/Projects/BOOST/InterventionStudy/3-experiment/data/polarhrcsv/Supervised/sub8096/8096_week2_ses7.CSV
2026-05-28 00:02:24,589 - WARNING - Could not parse week from filename: 8096_week2_ses9.CSV; skipping
2026-05-28 00:02:24,589 - WARNING - Skipping file with unparseable week: /mnt/nfs/lss/vosslabhpc/Projects/BOOST/InterventionStudy/3-experiment/data/polarhrcsv/Supervised/sub8096/8096_week2_ses9.CSV
2026-05-28 00:02:24,589 - WARNING - Could not parse week from filename: 8096_week2_ses8.CSV; skipping
2026-05-28 00:02:24,589 - WARNING - Skipping file with unparseable week: /mnt/nfs/lss/vosslabhpc/Projects/BOOST/InterventionStudy/3-experiment/data/polarhrcsv/Supervised/sub8096/8096_week2_ses8.CSV
2026-05-28 00:02:24,589 - WARNING - Could not parse week from filename: 8096_week2_ses6.CSV; skipping
2026-05-28 00:02:24,589 - WARNING - Skipping file with unparseable week: /mnt/nfs/lss/vosslabhpc/Projects/BOOST/InterventionStudy/3-experiment/data/polarhrcsv/Supervised/sub8096/8096_week2_ses6.CSV
2026-05-28 00:02:24,589 - WARNING - Could not parse week from filename: 8096_week1_ses5.CSV; skipping
2026-05-28 00:02:24,589 - WARNING - Skipping file with unparseable week: /mnt/nfs/lss/vosslabhpc/Projects/BOOST/InterventionStudy/3-experiment/data/polarhrcsv/Supervised/sub8096/8096_week1_ses5.CSV
2026-05-28 00:02:24,589 - WARNING - Could not parse week from filename: 8096_week1_ses2.CSV; skipping
2026-05-28 00:02:24,590 - WARNING - Skipping file with unparseable week: /mnt/nfs/lss/vosslabhpc/Projects/BOOST/InterventionStudy/3-experiment/data/polarhrcsv/Supervised/sub8096/8096_week1_ses2.CSV
2026-05-28 00:02:24,590 - WARNING - Could not parse week from filename: 8096_week1_ses1.CSV; skipping
2026-05-28 00:02:24,590 - WARNING - Skipping file with unparseable week: /mnt/nfs/lss/vosslabhpc/Projects/BOOST/InterventionStudy/3-experiment/data/polarhrcsv/Supervised/sub8096/8096_week1_ses1.CSV
2026-05-28 00:02:24,590 - WARNING - Could not parse week from filename: 8096_week2_ses10.CSV; skipping
2026-05-28 00:02:24,590 - WARNING - Skipping file with unparseable week: /mnt/nfs/lss/vosslabhpc/Projects/BOOST/InterventionStudy/3-experiment/data/polarhrcsv/Supervised/sub8096/8096_week2_ses10.CSV
2026-05-28 00:02:37,528 - WARNING - Skipping file with long duration (0 days 04:22:21): /mnt/nfs/lss/vosslabhpc/Projects/BOOST/InterventionStudy/3-experiment/data/polarhrcsv/Supervised/sub8030/8030_wk1_ses3.CSV
2026-05-28 00:02:37,971 - WARNING - Skipping file with long duration (0 days 04:08:16): /mnt/nfs/lss/vosslabhpc/Projects/BOOST/InterventionStudy/3-experiment/data/polarhrcsv/Supervised/sub8030/8030_wk2_ses10.CSV
2026-05-28 00:02:39,275 - WARNING - Skipping file with long duration (0 days 11:28:11): /mnt/nfs/lss/vosslabhpc/Projects/BOOST/InterventionStudy/3-experiment/data/polarhrcsv/Supervised/sub8030/8030_wk1_ses4.CSV
2026-05-28 00:02:44,977 - WARNING - Found 1649 time values with hour >= 24 in /mnt/nfs/lss/vosslabhpc/Projects/BOOST/InterventionStudy/3-experiment/data/polarhrcsv/Supervised/sub8030/8030_wk3_ses11.CSV (sample 24:00:00); normalizing to HH%24
2026-05-28 00:02:45,179 - WARNING - Skipping file with long duration (1 days 00:27:28): /mnt/nfs/lss/vosslabhpc/Projects/BOOST/InterventionStudy/3-experiment/data/polarhrcsv/Supervised/sub8030/8030_wk3_ses11.CSV
2026-05-28 00:02:48,792 - WARNING - Could not parse week from filename: 8066_week3_ses7.CSV; skipping
2026-05-28 00:02:48,793 - WARNING - Skipping file with unparseable week: /mnt/nfs/lss/vosslabhpc/Projects/BOOST/InterventionStudy/3-experiment/data/polarhrcsv/Supervised/sub8066/8066_week3_ses7.CSV
2026-05-28 00:02:48,793 - WARNING - Could not parse week from filename: 8066_week1_ses2.CSV; skipping
2026-05-28 00:02:48,793 - WARNING - Skipping file with unparseable week: /mnt/nfs/lss/vosslabhpc/Projects/BOOST/InterventionStudy/3-experiment/data/polarhrcsv/Supervised/sub8066/8066_week1_ses2.CSV
2026-05-28 00:02:48,793 - WARNING - Could not parse week from filename: 8066_week1_ses3.CSV; skipping
2026-05-28 00:02:48,793 - WARNING - Skipping file with unparseable week: /mnt/nfs/lss/vosslabhpc/Projects/BOOST/InterventionStudy/3-experiment/data/polarhrcsv/Supervised/sub8066/8066_week1_ses3.CSV
2026-05-28 00:02:48,793 - WARNING - Could not parse week from filename: 8066_week3_ses6.CSV; skipping
2026-05-28 00:02:48,793 - WARNING - Skipping file with unparseable week: /mnt/nfs/lss/vosslabhpc/Projects/BOOST/InterventionStudy/3-experiment/data/polarhrcsv/Supervised/sub8066/8066_week3_ses6.CSV
2026-05-28 00:02:48,793 - WARNING - Could not parse week from filename: 8066_week2_ses4.CSV; skipping
2026-05-28 00:02:48,793 - WARNING - Skipping file with unparseable week: /mnt/nfs/lss/vosslabhpc/Projects/BOOST/InterventionStudy/3-experiment/data/polarhrcsv/Supervised/sub8066/8066_week2_ses4.CSV
2026-05-28 00:02:49,001 - WARNING - Could not parse week from filename: 8066_week2_ses5.CSV; skipping
2026-05-28 00:02:49,001 - WARNING - Skipping file with unparseable week: /mnt/nfs/lss/vosslabhpc/Projects/BOOST/InterventionStudy/3-experiment/data/polarhrcsv/Supervised/sub8066/8066_week2_ses5.CSV
2026-05-28 00:02:51,992 - WARNING - Could not parse week from filename: 8088_week4_ses17.CSV; skipping
2026-05-28 00:02:51,992 - WARNING - Skipping file with unparseable week: /mnt/nfs/lss/vosslabhpc/Projects/BOOST/InterventionStudy/3-experiment/data/polarhrcsv/Supervised/sub8088/8088_week4_ses17.CSV
2026-05-28 00:02:51,992 - WARNING - Could not parse week from filename: 8088_week4_ses19.CSV; skipping
2026-05-28 00:02:51,992 - WARNING - Skipping file with unparseable week: /mnt/nfs/lss/vosslabhpc/Projects/BOOST/InterventionStudy/3-experiment/data/polarhrcsv/Supervised/sub8088/8088_week4_ses19.CSV
2026-05-28 00:02:51,992 - WARNING - Could not parse week from filename: 8088_week5_ses22.CSV; skipping
2026-05-28 00:02:51,992 - WARNING - Skipping file with unparseable week: /mnt/nfs/lss/vosslabhpc/Projects/BOOST/InterventionStudy/3-experiment/data/polarhrcsv/Supervised/sub8088/8088_week5_ses22.CSV
2026-05-28 00:02:51,992 - WARNING - Could not parse week from filename: 8088_week5_ses25.CSV; skipping
2026-05-28 00:02:51,992 - WARNING - Skipping file with unparseable week: /mnt/nfs/lss/vosslabhpc/Projects/BOOST/InterventionStudy/3-experiment/data/polarhrcsv/Supervised/sub8088/8088_week5_ses25.CSV
2026-05-28 00:02:51,992 - WARNING - Could not parse week from filename: 8088_week2_ses10.CSV; skipping
2026-05-28 00:02:51,992 - WARNING - Skipping file with unparseable week: /mnt/nfs/lss/vosslabhpc/Projects/BOOST/InterventionStudy/3-experiment/data/polarhrcsv/Supervised/sub8088/8088_week2_ses10.CSV
2026-05-28 00:02:52,079 - WARNING - Could not parse week from filename: 8088_week5_ses24.CSV; skipping
2026-05-28 00:02:52,080 - WARNING - Skipping file with unparseable week: /mnt/nfs/lss/vosslabhpc/Projects/BOOST/InterventionStudy/3-experiment/data/polarhrcsv/Supervised/sub8088/8088_week5_ses24.CSV
2026-05-28 00:02:52,080 - WARNING - Could not parse week from filename: 8088_week5_ses23.CSV; skipping
2026-05-28 00:02:52,080 - WARNING - Skipping file with unparseable week: /mnt/nfs/lss/vosslabhpc/Projects/BOOST/InterventionStudy/3-experiment/data/polarhrcsv/Supervised/sub8088/8088_week5_ses23.CSV
2026-05-28 00:02:52,080 - WARNING - Could not parse week from filename: 8088_week4_ses18.CSV; skipping
2026-05-28 00:02:52,080 - WARNING - Skipping file with unparseable week: /mnt/nfs/lss/vosslabhpc/Projects/BOOST/InterventionStudy/3-experiment/data/polarhrcsv/Supervised/sub8088/8088_week4_ses18.CSV
2026-05-28 00:02:52,080 - WARNING - Could not parse week from filename: 8088_week4_ses16.CSV; skipping
2026-05-28 00:02:52,080 - WARNING - Skipping file with unparseable week: /mnt/nfs/lss/vosslabhpc/Projects/BOOST/InterventionStudy/3-experiment/data/polarhrcsv/Supervised/sub8088/8088_week4_ses16.CSV
2026-05-28 00:02:52,080 - WARNING - Could not parse week from filename: 8088_week3_ses11.CSV; skipping
2026-05-28 00:02:52,080 - WARNING - Skipping file with unparseable week: /mnt/nfs/lss/vosslabhpc/Projects/BOOST/InterventionStudy/3-experiment/data/polarhrcsv/Supervised/sub8088/8088_week3_ses11.CSV
2026-05-28 00:02:52,571 - WARNING - Could not parse week from filename: 8088_week3_ses15.CSV; skipping
2026-05-28 00:02:52,571 - WARNING - Skipping file with unparseable week: /mnt/nfs/lss/vosslabhpc/Projects/BOOST/InterventionStudy/3-experiment/data/polarhrcsv/Supervised/sub8088/8088_week3_ses15.CSV
2026-05-28 00:02:52,571 - WARNING - Could not parse week from filename: 8088_week1_ses4.CSV; skipping
2026-05-28 00:02:52,571 - WARNING - Skipping file with unparseable week: /mnt/nfs/lss/vosslabhpc/Projects/BOOST/InterventionStudy/3-experiment/data/polarhrcsv/Supervised/sub8088/8088_week1_ses4.CSV
2026-05-28 00:02:52,571 - WARNING - Could not parse week from filename: 8088_week3_ses12.CSV; skipping
2026-05-28 00:02:52,571 - WARNING - Skipping file with unparseable week: /mnt/nfs/lss/vosslabhpc/Projects/BOOST/InterventionStudy/3-experiment/data/polarhrcsv/Supervised/sub8088/8088_week3_ses12.CSV
2026-05-28 00:02:52,801 - WARNING - Could not parse week from filename: 8088_week2_ses7.CSV; skipping
2026-05-28 00:02:52,801 - WARNING - Skipping file with unparseable week: /mnt/nfs/lss/vosslabhpc/Projects/BOOST/InterventionStudy/3-experiment/data/polarhrcsv/Supervised/sub8088/8088_week2_ses7.CSV
2026-05-28 00:02:52,801 - WARNING - Could not parse week from filename: 8088_week2_ses9.CSV; skipping
2026-05-28 00:02:52,801 - WARNING - Skipping file with unparseable week: /mnt/nfs/lss/vosslabhpc/Projects/BOOST/InterventionStudy/3-experiment/data/polarhrcsv/Supervised/sub8088/8088_week2_ses9.CSV
2026-05-28 00:02:52,801 - WARNING - Could not parse week from filename: 8088_week4_ses20.CSV; skipping
2026-05-28 00:02:52,801 - WARNING - Skipping file with unparseable week: /mnt/nfs/lss/vosslabhpc/Projects/BOOST/InterventionStudy/3-experiment/data/polarhrcsv/Supervised/sub8088/8088_week4_ses20.CSV
2026-05-28 00:02:52,801 - WARNING - Could not parse week from filename: 8088_week6_ses27.CSV; skipping
2026-05-28 00:02:52,801 - WARNING - Skipping file with unparseable week: /mnt/nfs/lss/vosslabhpc/Projects/BOOST/InterventionStudy/3-experiment/data/polarhrcsv/Supervised/sub8088/8088_week6_ses27.CSV
2026-05-28 00:02:52,801 - WARNING - Could not parse week from filename: 8088_week6_ses29.CSV; skipping
2026-05-28 00:02:52,801 - WARNING - Skipping file with unparseable week: /mnt/nfs/lss/vosslabhpc/Projects/BOOST/InterventionStudy/3-experiment/data/polarhrcsv/Supervised/sub8088/8088_week6_ses29.CSV
2026-05-28 00:02:52,801 - WARNING - Could not parse week from filename: 8088_week2_ses8.CSV; skipping
2026-05-28 00:02:52,801 - WARNING - Skipping file with unparseable week: /mnt/nfs/lss/vosslabhpc/Projects/BOOST/InterventionStudy/3-experiment/data/polarhrcsv/Supervised/sub8088/8088_week2_ses8.CSV
2026-05-28 00:02:52,801 - WARNING - Could not parse week from filename: 8088_week2_ses6.CSV; skipping
2026-05-28 00:02:52,801 - WARNING - Skipping file with unparseable week: /mnt/nfs/lss/vosslabhpc/Projects/BOOST/InterventionStudy/3-experiment/data/polarhrcsv/Supervised/sub8088/8088_week2_ses6.CSV
2026-05-28 00:02:52,801 - WARNING - Could not parse week from filename: 8088_week6_ses30.CSV; skipping
2026-05-28 00:02:52,801 - WARNING - Skipping file with unparseable week: /mnt/nfs/lss/vosslabhpc/Projects/BOOST/InterventionStudy/3-experiment/data/polarhrcsv/Supervised/sub8088/8088_week6_ses30.CSV
2026-05-28 00:02:52,801 - WARNING - Could not parse week from filename: 8088_week3_ses13.CSV; skipping
2026-05-28 00:02:52,801 - WARNING - Skipping file with unparseable week: /mnt/nfs/lss/vosslabhpc/Projects/BOOST/InterventionStudy/3-experiment/data/polarhrcsv/Supervised/sub8088/8088_week3_ses13.CSV
2026-05-28 00:02:52,801 - WARNING - Could not parse week from filename: 8088_week3_ses14.CSV; skipping
2026-05-28 00:02:52,801 - WARNING - Skipping file with unparseable week: /mnt/nfs/lss/vosslabhpc/Projects/BOOST/InterventionStudy/3-experiment/data/polarhrcsv/Supervised/sub8088/8088_week3_ses14.CSV
2026-05-28 00:02:52,801 - WARNING - Could not parse week from filename: 8088_week6_ses28.CSV; skipping
2026-05-28 00:02:52,801 - WARNING - Skipping file with unparseable week: /mnt/nfs/lss/vosslabhpc/Projects/BOOST/InterventionStudy/3-experiment/data/polarhrcsv/Supervised/sub8088/8088_week6_ses28.CSV
2026-05-28 00:02:52,801 - WARNING - Could not parse week from filename: 8088_week6_ses26.CSV; skipping
2026-05-28 00:02:52,801 - WARNING - Skipping file with unparseable week: /mnt/nfs/lss/vosslabhpc/Projects/BOOST/InterventionStudy/3-experiment/data/polarhrcsv/Supervised/sub8088/8088_week6_ses26.CSV
2026-05-28 00:02:52,801 - WARNING - Could not parse week from filename: 8088_week5_ses21.CSV; skipping
2026-05-28 00:02:52,801 - WARNING - Skipping file with unparseable week: /mnt/nfs/lss/vosslabhpc/Projects/BOOST/InterventionStudy/3-experiment/data/polarhrcsv/Supervised/sub8088/8088_week5_ses21.CSV
2026-05-28 00:02:57,992 - WARNING - Found 18013 time values with hour >= 24 in /mnt/nfs/lss/vosslabhpc/Projects/BOOST/InterventionStudy/3-experiment/data/polarhrcsv/Supervised/sub8019/8019_wk1_ses4.CSV (sample 24:00:00); normalizing to HH%24
2026-05-28 00:02:58,227 - WARNING - Skipping file with long duration (1 days 05:00:12): /mnt/nfs/lss/vosslabhpc/Projects/BOOST/InterventionStudy/3-experiment/data/polarhrcsv/Supervised/sub8019/8019_wk1_ses4.CSV
2026-05-28 00:03:01,393 - WARNING - Could not parse week from filename: 8080_week2_ses5.CSV; skipping
2026-05-28 00:03:01,393 - WARNING - Skipping file with unparseable week: /mnt/nfs/lss/vosslabhpc/Projects/BOOST/InterventionStudy/3-experiment/data/polarhrcsv/Supervised/sub8080/8080_week2_ses5.CSV
2026-05-28 00:03:01,393 - WARNING - Could not parse week from filename: 8080_week1_ses1.CSV; skipping
2026-05-28 00:03:01,393 - WARNING - Skipping file with unparseable week: /mnt/nfs/lss/vosslabhpc/Projects/BOOST/InterventionStudy/3-experiment/data/polarhrcsv/Supervised/sub8080/8080_week1_ses1.CSV
2026-05-28 00:03:01,393 - WARNING - Could not parse week from filename: 8080_week3_ses12.CSV; skipping
2026-05-28 00:03:01,393 - WARNING - Skipping file with unparseable week: /mnt/nfs/lss/vosslabhpc/Projects/BOOST/InterventionStudy/3-experiment/data/polarhrcsv/Supervised/sub8080/8080_week3_ses12.CSV
2026-05-28 00:03:01,393 - WARNING - Could not parse week from filename: 8080_week4_ses15.CSV; skipping
2026-05-28 00:03:01,393 - WARNING - Skipping file with unparseable week: /mnt/nfs/lss/vosslabhpc/Projects/BOOST/InterventionStudy/3-experiment/data/polarhrcsv/Supervised/sub8080/8080_week4_ses15.CSV
2026-05-28 00:03:01,393 - WARNING - Could not parse week from filename: 8080_week6_ses20.CSV; skipping
2026-05-28 00:03:01,393 - WARNING - Skipping file with unparseable week: /mnt/nfs/lss/vosslabhpc/Projects/BOOST/InterventionStudy/3-experiment/data/polarhrcsv/Supervised/sub8080/8080_week6_ses20.CSV
2026-05-28 00:03:01,393 - WARNING - Could not parse week from filename: 8080_week6_ses21.CSV; skipping
2026-05-28 00:03:01,393 - WARNING - Skipping file with unparseable week: /mnt/nfs/lss/vosslabhpc/Projects/BOOST/InterventionStudy/3-experiment/data/polarhrcsv/Supervised/sub8080/8080_week6_ses21.CSV
2026-05-28 00:03:01,393 - WARNING - Could not parse week from filename: 8080_week4_ses13.CSV; skipping
2026-05-28 00:03:01,394 - WARNING - Skipping file with unparseable week: /mnt/nfs/lss/vosslabhpc/Projects/BOOST/InterventionStudy/3-experiment/data/polarhrcsv/Supervised/sub8080/8080_week4_ses13.CSV
2026-05-28 00:03:01,394 - WARNING - Could not parse week from filename: 8080_week4_ses14.CSV; skipping
2026-05-28 00:03:01,394 - WARNING - Skipping file with unparseable week: /mnt/nfs/lss/vosslabhpc/Projects/BOOST/InterventionStudy/3-experiment/data/polarhrcsv/Supervised/sub8080/8080_week4_ses14.CSV
2026-05-28 00:03:01,394 - WARNING - Could not parse week from filename: 8080_week6_ses19.CSV; skipping
2026-05-28 00:03:01,394 - WARNING - Skipping file with unparseable week: /mnt/nfs/lss/vosslabhpc/Projects/BOOST/InterventionStudy/3-experiment/data/polarhrcsv/Supervised/sub8080/8080_week6_ses19.CSV
2026-05-28 00:03:01,394 - WARNING - Could not parse week from filename: 8080_week5_ses17.CSV; skipping
2026-05-28 00:03:01,394 - WARNING - Skipping file with unparseable week: /mnt/nfs/lss/vosslabhpc/Projects/BOOST/InterventionStudy/3-experiment/data/polarhrcsv/Supervised/sub8080/8080_week5_ses17.CSV
2026-05-28 00:03:01,394 - WARNING - Could not parse week from filename: 8080_week6_ses22.CSV; skipping
2026-05-28 00:03:01,394 - WARNING - Skipping file with unparseable week: /mnt/nfs/lss/vosslabhpc/Projects/BOOST/InterventionStudy/3-experiment/data/polarhrcsv/Supervised/sub8080/8080_week6_ses22.CSV
2026-05-28 00:03:01,394 - WARNING - Could not parse week from filename: 8080_week1_ses3.CSV; skipping
2026-05-28 00:03:01,394 - WARNING - Skipping file with unparseable week: /mnt/nfs/lss/vosslabhpc/Projects/BOOST/InterventionStudy/3-experiment/data/polarhrcsv/Supervised/sub8080/8080_week1_ses3.CSV
2026-05-28 00:03:01,394 - WARNING - Could not parse week from filename: 8080_week3_ses10.CSV; skipping
2026-05-28 00:03:01,394 - WARNING - Skipping file with unparseable week: /mnt/nfs/lss/vosslabhpc/Projects/BOOST/InterventionStudy/3-experiment/data/polarhrcsv/Supervised/sub8080/8080_week3_ses10.CSV
2026-05-28 00:03:01,394 - WARNING - Could not parse week from filename: 8080_week1_ses4.CSV; skipping
2026-05-28 00:03:01,394 - WARNING - Skipping file with unparseable week: /mnt/nfs/lss/vosslabhpc/Projects/BOOST/InterventionStudy/3-experiment/data/polarhrcsv/Supervised/sub8080/8080_week1_ses4.CSV
2026-05-28 00:03:01,394 - WARNING - Could not parse week from filename: 8080_week3_ses8.CSV; skipping
2026-05-28 00:03:01,394 - WARNING - Skipping file with unparseable week: /mnt/nfs/lss/vosslabhpc/Projects/BOOST/InterventionStudy/3-experiment/data/polarhrcsv/Supervised/sub8080/8080_week3_ses8.CSV
2026-05-28 00:03:01,394 - WARNING - Could not parse week from filename: 8080_week2_ses7.CSV; skipping
2026-05-28 00:03:01,394 - WARNING - Skipping file with unparseable week: /mnt/nfs/lss/vosslabhpc/Projects/BOOST/InterventionStudy/3-experiment/data/polarhrcsv/Supervised/sub8080/8080_week2_ses7.CSV
2026-05-28 00:03:01,394 - WARNING - Could not parse week from filename: 8080_week5_ses18.CSV; skipping
2026-05-28 00:03:01,394 - WARNING - Skipping file with unparseable week: /mnt/nfs/lss/vosslabhpc/Projects/BOOST/InterventionStudy/3-experiment/data/polarhrcsv/Supervised/sub8080/8080_week5_ses18.CSV
2026-05-28 00:03:01,394 - WARNING - Could not parse week from filename: 8080_week6_ses23.CSV; skipping
2026-05-28 00:03:01,394 - WARNING - Skipping file with unparseable week: /mnt/nfs/lss/vosslabhpc/Projects/BOOST/InterventionStudy/3-experiment/data/polarhrcsv/Supervised/sub8080/8080_week6_ses23.CSV
2026-05-28 00:03:01,394 - WARNING - Could not parse week from filename: 8080_week5_ses16.CSV; skipping
2026-05-28 00:03:01,394 - WARNING - Skipping file with unparseable week: /mnt/nfs/lss/vosslabhpc/Projects/BOOST/InterventionStudy/3-experiment/data/polarhrcsv/Supervised/sub8080/8080_week5_ses16.CSV
2026-05-28 00:03:01,394 - WARNING - Could not parse week from filename: 8080_week3_ses9.CSV; skipping
2026-05-28 00:03:01,394 - WARNING - Skipping file with unparseable week: /mnt/nfs/lss/vosslabhpc/Projects/BOOST/InterventionStudy/3-experiment/data/polarhrcsv/Supervised/sub8080/8080_week3_ses9.CSV
2026-05-28 00:03:01,394 - WARNING - Could not parse week from filename: 8080_week2_ses6.CSV; skipping
2026-05-28 00:03:01,394 - WARNING - Skipping file with unparseable week: /mnt/nfs/lss/vosslabhpc/Projects/BOOST/InterventionStudy/3-experiment/data/polarhrcsv/Supervised/sub8080/8080_week2_ses6.CSV
2026-05-28 00:03:01,394 - WARNING - Could not parse week from filename: 8080_week1_ses2.CSV; skipping
2026-05-28 00:03:01,394 - WARNING - Skipping file with unparseable week: /mnt/nfs/lss/vosslabhpc/Projects/BOOST/InterventionStudy/3-experiment/data/polarhrcsv/Supervised/sub8080/8080_week1_ses2.CSV
2026-05-28 00:03:01,394 - WARNING - Could not parse week from filename: 8080_week3_ses11.CSV; skipping
2026-05-28 00:03:01,394 - WARNING - Skipping file with unparseable week: /mnt/nfs/lss/vosslabhpc/Projects/BOOST/InterventionStudy/3-experiment/data/polarhrcsv/Supervised/sub8080/8080_week3_ses11.CSV
2026-05-28 00:03:40,824 - WARNING - Could not parse week from filename: 8087_week1_ses2.CSV; skipping
2026-05-28 00:03:40,824 - WARNING - Skipping file with unparseable week: /mnt/nfs/lss/vosslabhpc/Projects/BOOST/InterventionStudy/3-experiment/data/polarhrcsv/Supervised/sub8087/8087_week1_ses2.CSV
2026-05-28 00:03:40,825 - WARNING - Could not parse week from filename: 8087_week1_ses5.CSV; skipping
2026-05-28 00:03:40,825 - WARNING - Skipping file with unparseable week: /mnt/nfs/lss/vosslabhpc/Projects/BOOST/InterventionStudy/3-experiment/data/polarhrcsv/Supervised/sub8087/8087_week1_ses5.CSV
2026-05-28 00:03:40,825 - WARNING - Could not parse week from filename: 8087_week2_ses6.CSV; skipping
2026-05-28 00:03:40,825 - WARNING - Skipping file with unparseable week: /mnt/nfs/lss/vosslabhpc/Projects/BOOST/InterventionStudy/3-experiment/data/polarhrcsv/Supervised/sub8087/8087_week2_ses6.CSV
2026-05-28 00:03:40,825 - WARNING - Could not parse week from filename: 8087_week2_ses8.CSV; skipping
2026-05-28 00:03:40,825 - WARNING - Skipping file with unparseable week: /mnt/nfs/lss/vosslabhpc/Projects/BOOST/InterventionStudy/3-experiment/data/polarhrcsv/Supervised/sub8087/8087_week2_ses8.CSV
2026-05-28 00:03:40,825 - WARNING - Could not parse week from filename: 8087_week3_ses11.CSV; skipping
2026-05-28 00:03:40,825 - WARNING - Skipping file with unparseable week: /mnt/nfs/lss/vosslabhpc/Projects/BOOST/InterventionStudy/3-experiment/data/polarhrcsv/Supervised/sub8087/8087_week3_ses11.CSV
2026-05-28 00:03:40,825 - WARNING - Could not parse week from filename: 8087_week4_ses16.CSV; skipping
2026-05-28 00:03:40,825 - WARNING - Skipping file with unparseable week: /mnt/nfs/lss/vosslabhpc/Projects/BOOST/InterventionStudy/3-experiment/data/polarhrcsv/Supervised/sub8087/8087_week4_ses16.CSV
2026-05-28 00:03:40,825 - WARNING - Could not parse week from filename: 8087_week4_ses18.CSV; skipping
2026-05-28 00:03:40,825 - WARNING - Skipping file with unparseable week: /mnt/nfs/lss/vosslabhpc/Projects/BOOST/InterventionStudy/3-experiment/data/polarhrcsv/Supervised/sub8087/8087_week4_ses18.CSV
2026-05-28 00:03:40,825 - WARNING - Could not parse week from filename: 8087_week6_ses24.CSV; skipping
2026-05-28 00:03:40,825 - WARNING - Skipping file with unparseable week: /mnt/nfs/lss/vosslabhpc/Projects/BOOST/InterventionStudy/3-experiment/data/polarhrcsv/Supervised/sub8087/8087_week6_ses24.CSV
2026-05-28 00:03:40,825 - WARNING - Could not parse week from filename: 8087_week5_ses23.CSV; skipping
2026-05-28 00:03:40,825 - WARNING - Skipping file with unparseable week: /mnt/nfs/lss/vosslabhpc/Projects/BOOST/InterventionStudy/3-experiment/data/polarhrcsv/Supervised/sub8087/8087_week5_ses23.CSV
2026-05-28 00:03:40,825 - WARNING - Could not parse week from filename: 8087_week2_ses9.CSV; skipping
2026-05-28 00:03:40,825 - WARNING - Skipping file with unparseable week: /mnt/nfs/lss/vosslabhpc/Projects/BOOST/InterventionStudy/3-experiment/data/polarhrcsv/Supervised/sub8087/8087_week2_ses9.CSV
2026-05-28 00:03:40,825 - WARNING - Could not parse week from filename: 8087_week2_ses7.CSV; skipping
2026-05-28 00:03:40,825 - WARNING - Skipping file with unparseable week: /mnt/nfs/lss/vosslabhpc/Projects/BOOST/InterventionStudy/3-experiment/data/polarhrcsv/Supervised/sub8087/8087_week2_ses7.CSV
2026-05-28 00:03:40,825 - WARNING - Could not parse week from filename: 8087_week2_ses10.CSV; skipping
2026-05-28 00:03:40,825 - WARNING - Skipping file with unparseable week: /mnt/nfs/lss/vosslabhpc/Projects/BOOST/InterventionStudy/3-experiment/data/polarhrcsv/Supervised/sub8087/8087_week2_ses10.CSV
2026-05-28 00:03:40,825 - WARNING - Could not parse week from filename: 8087_week1_ses4.CSV; skipping
2026-05-28 00:03:40,825 - WARNING - Skipping file with unparseable week: /mnt/nfs/lss/vosslabhpc/Projects/BOOST/InterventionStudy/3-experiment/data/polarhrcsv/Supervised/sub8087/8087_week1_ses4.CSV
2026-05-28 00:03:40,825 - WARNING - Could not parse week from filename: 8087_week1_ses3.CSV; skipping
2026-05-28 00:03:40,825 - WARNING - Skipping file with unparseable week: /mnt/nfs/lss/vosslabhpc/Projects/BOOST/InterventionStudy/3-experiment/data/polarhrcsv/Supervised/sub8087/8087_week1_ses3.CSV
2026-05-28 00:03:40,825 - WARNING - Could not parse week from filename: 8087_week5_ses22.CSV; skipping
2026-05-28 00:03:40,825 - WARNING - Skipping file with unparseable week: /mnt/nfs/lss/vosslabhpc/Projects/BOOST/InterventionStudy/3-experiment/data/polarhrcsv/Supervised/sub8087/8087_week5_ses22.CSV
2026-05-28 00:03:40,825 - WARNING - Could not parse week from filename: 8087_week6_ses25.CSV; skipping
2026-05-28 00:03:40,825 - WARNING - Skipping file with unparseable week: /mnt/nfs/lss/vosslabhpc/Projects/BOOST/InterventionStudy/3-experiment/data/polarhrcsv/Supervised/sub8087/8087_week6_ses25.CSV
2026-05-28 00:03:40,826 - WARNING - Could not parse week from filename: 8087_week4_ses19.CSV; skipping
2026-05-28 00:03:40,826 - WARNING - Skipping file with unparseable week: /mnt/nfs/lss/vosslabhpc/Projects/BOOST/InterventionStudy/3-experiment/data/polarhrcsv/Supervised/sub8087/8087_week4_ses19.CSV
2026-05-28 00:03:40,826 - WARNING - Could not parse week from filename: 8087_week4_ses17.CSV; skipping
2026-05-28 00:03:40,826 - WARNING - Skipping file with unparseable week: /mnt/nfs/lss/vosslabhpc/Projects/BOOST/InterventionStudy/3-experiment/data/polarhrcsv/Supervised/sub8087/8087_week4_ses17.CSV
2026-05-28 00:03:40,826 - WARNING - Could not parse week from filename: 8087_week5_ses21.CSV; skipping
2026-05-28 00:03:40,826 - WARNING - Skipping file with unparseable week: /mnt/nfs/lss/vosslabhpc/Projects/BOOST/InterventionStudy/3-experiment/data/polarhrcsv/Supervised/sub8087/8087_week5_ses21.CSV
2026-05-28 00:03:40,826 - WARNING - Could not parse week from filename: 8087_week6_ses26.CSV; skipping
2026-05-28 00:03:40,826 - WARNING - Skipping file with unparseable week: /mnt/nfs/lss/vosslabhpc/Projects/BOOST/InterventionStudy/3-experiment/data/polarhrcsv/Supervised/sub8087/8087_week6_ses26.CSV
2026-05-28 00:03:40,826 - WARNING - Could not parse week from filename: 8087_week6_ses28.CSV; skipping
2026-05-28 00:03:40,826 - WARNING - Skipping file with unparseable week: /mnt/nfs/lss/vosslabhpc/Projects/BOOST/InterventionStudy/3-experiment/data/polarhrcsv/Supervised/sub8087/8087_week6_ses28.CSV
2026-05-28 00:03:40,826 - WARNING - Could not parse week from filename: 8087_week3_ses14.CSV; skipping
2026-05-28 00:03:40,826 - WARNING - Skipping file with unparseable week: /mnt/nfs/lss/vosslabhpc/Projects/BOOST/InterventionStudy/3-experiment/data/polarhrcsv/Supervised/sub8087/8087_week3_ses14.CSV
2026-05-28 00:03:40,826 - WARNING - Could not parse week from filename: 8087_week3_ses13.CSV; skipping
2026-05-28 00:03:40,826 - WARNING - Skipping file with unparseable week: /mnt/nfs/lss/vosslabhpc/Projects/BOOST/InterventionStudy/3-experiment/data/polarhrcsv/Supervised/sub8087/8087_week3_ses13.CSV
2026-05-28 00:03:40,826 - WARNING - Could not parse week from filename: 8087_week6_ses27.CSV; skipping
2026-05-28 00:03:40,826 - WARNING - Skipping file with unparseable week: /mnt/nfs/lss/vosslabhpc/Projects/BOOST/InterventionStudy/3-experiment/data/polarhrcsv/Supervised/sub8087/8087_week6_ses27.CSV
2026-05-28 00:03:40,826 - WARNING - Could not parse week from filename: 8087_week5_ses20.CSV; skipping
2026-05-28 00:03:40,826 - WARNING - Skipping file with unparseable week: /mnt/nfs/lss/vosslabhpc/Projects/BOOST/InterventionStudy/3-experiment/data/polarhrcsv/Supervised/sub8087/8087_week5_ses20.CSV
2026-05-28 00:03:40,826 - WARNING - Could not parse week from filename: 8087_week1_ses1.CSV; skipping
2026-05-28 00:03:40,826 - WARNING - Skipping file with unparseable week: /mnt/nfs/lss/vosslabhpc/Projects/BOOST/InterventionStudy/3-experiment/data/polarhrcsv/Supervised/sub8087/8087_week1_ses1.CSV
2026-05-28 00:03:40,826 - WARNING - Could not parse week from filename: 8087_week3_ses12.CSV; skipping
2026-05-28 00:03:40,826 - WARNING - Skipping file with unparseable week: /mnt/nfs/lss/vosslabhpc/Projects/BOOST/InterventionStudy/3-experiment/data/polarhrcsv/Supervised/sub8087/8087_week3_ses12.CSV
2026-05-28 00:03:40,826 - WARNING - Could not parse week from filename: 8087_week3_ses15.CSV; skipping
2026-05-28 00:03:40,826 - WARNING - Skipping file with unparseable week: /mnt/nfs/lss/vosslabhpc/Projects/BOOST/InterventionStudy/3-experiment/data/polarhrcsv/Supervised/sub8087/8087_week3_ses15.CSV
2026-05-28 00:04:04,644 - WARNING - Could not parse week from filename: 8083_week6_ses27.CSV; skipping
2026-05-28 00:04:04,644 - WARNING - Skipping file with unparseable week: /mnt/nfs/lss/vosslabhpc/Projects/BOOST/InterventionStudy/3-experiment/data/polarhrcsv/Supervised/sub8083/8083_week6_ses27.CSV
2026-05-28 00:04:04,644 - WARNING - Could not parse week from filename: 8083_week6_ses29.CSV; skipping
2026-05-28 00:04:04,644 - WARNING - Skipping file with unparseable week: /mnt/nfs/lss/vosslabhpc/Projects/BOOST/InterventionStudy/3-experiment/data/polarhrcsv/Supervised/sub8083/8083_week6_ses29.CSV
2026-05-28 00:04:04,812 - WARNING - Could not parse week from filename: 8083_week6_ses30.CSV; skipping
2026-05-28 00:04:04,812 - WARNING - Skipping file with unparseable week: /mnt/nfs/lss/vosslabhpc/Projects/BOOST/InterventionStudy/3-experiment/data/polarhrcsv/Supervised/sub8083/8083_week6_ses30.CSV
2026-05-28 00:04:05,074 - WARNING - Could not parse week from filename: 8083_week6_ses28.CSV; skipping
2026-05-28 00:04:05,074 - WARNING - Skipping file with unparseable week: /mnt/nfs/lss/vosslabhpc/Projects/BOOST/InterventionStudy/3-experiment/data/polarhrcsv/Supervised/sub8083/8083_week6_ses28.CSV
2026-05-28 00:04:05,074 - WARNING - Could not parse week from filename: 8083_week6_ses26.CSV; skipping
2026-05-28 00:04:05,074 - WARNING - Skipping file with unparseable week: /mnt/nfs/lss/vosslabhpc/Projects/BOOST/InterventionStudy/3-experiment/data/polarhrcsv/Supervised/sub8083/8083_week6_ses26.CSV
2026-05-28 00:04:05,074 - WARNING - Could not parse week from filename: 8083_week5_ses21.CSV; skipping
2026-05-28 00:04:05,074 - WARNING - Skipping file with unparseable week: /mnt/nfs/lss/vosslabhpc/Projects/BOOST/InterventionStudy/3-experiment/data/polarhrcsv/Supervised/sub8083/8083_week5_ses21.CSV
2026-05-28 00:04:05,843 - WARNING - Could not parse week from filename: 8083_week5_ses25.CSV; skipping
2026-05-28 00:04:05,843 - WARNING - Skipping file with unparseable week: /mnt/nfs/lss/vosslabhpc/Projects/BOOST/InterventionStudy/3-experiment/data/polarhrcsv/Supervised/sub8083/8083_week5_ses25.CSV
2026-05-28 00:04:05,843 - WARNING - Could not parse week from filename: 8083_week5_ses22.CSV; skipping
2026-05-28 00:04:05,843 - WARNING - Skipping file with unparseable week: /mnt/nfs/lss/vosslabhpc/Projects/BOOST/InterventionStudy/3-experiment/data/polarhrcsv/Supervised/sub8083/8083_week5_ses22.CSV
2026-05-28 00:04:09,037 - WARNING - Could not parse week from filename: 8083_week5_ses23.CSV; skipping
2026-05-28 00:04:09,037 - WARNING - Skipping file with unparseable week: /mnt/nfs/lss/vosslabhpc/Projects/BOOST/InterventionStudy/3-experiment/data/polarhrcsv/Supervised/sub8083/8083_week5_ses23.CSV
2026-05-28 00:04:09,037 - WARNING - Could not parse week from filename: 8083_week5_ses24.CSV; skipping
2026-05-28 00:04:09,037 - WARNING - Skipping file with unparseable week: /mnt/nfs/lss/vosslabhpc/Projects/BOOST/InterventionStudy/3-experiment/data/polarhrcsv/Supervised/sub8083/8083_week5_ses24.CSV
2026-05-28 00:04:17,309 - WARNING - Skipping file with long duration (0 days 05:03:49): /mnt/nfs/lss/vosslabhpc/Projects/BOOST/InterventionStudy/3-experiment/data/polarhrcsv/Supervised/sub8003/8003_wk2_ses9.CSV
2026-05-28 00:04:17,888 - WARNING - Skipping file with long duration (0 days 18:46:08): /mnt/nfs/lss/vosslabhpc/Projects/BOOST/InterventionStudy/3-experiment/data/polarhrcsv/Supervised/sub8003/8003_wk1_ses3.CSV
2026-05-28 00:04:18,879 - WARNING - Found 4837 time values with hour >= 24 in /mnt/nfs/lss/vosslabhpc/Projects/BOOST/InterventionStudy/3-experiment/data/polarhrcsv/Supervised/sub8003/8003_wk6_ses27.CSV (sample 24:00:00); normalizing to HH%24
2026-05-28 00:04:19,100 - WARNING - Skipping file with long duration (1 days 01:20:36): /mnt/nfs/lss/vosslabhpc/Projects/BOOST/InterventionStudy/3-experiment/data/polarhrcsv/Supervised/sub8003/8003_wk6_ses27.CSV
2026-05-28 00:04:28,583 - WARNING - Skipping file with long duration (0 days 21:12:48): /mnt/nfs/lss/vosslabhpc/Projects/BOOST/InterventionStudy/3-experiment/data/polarhrcsv/Supervised/sub8003/8003_wk4_ses18.CSV
2026-05-28 00:04:44,166 - WARNING - Skipping file with long duration (0 days 13:35:13): /mnt/nfs/lss/vosslabhpc/Projects/BOOST/InterventionStudy/3-experiment/data/polarhrcsv/Supervised/sub8036/8036_wk4_ses11.CSV
2026-05-28 00:04:44,420 - WARNING - Skipping file with long duration (0 days 14:17:34): /mnt/nfs/lss/vosslabhpc/Projects/BOOST/InterventionStudy/3-experiment/data/polarhrcsv/Supervised/sub8036/8036_wk4_ses9.CSV
2026-05-28 00:04:44,516 - WARNING - Could not parse week from filename: 8036_wk_ses14.CSV; skipping
2026-05-28 00:04:44,516 - WARNING - Skipping file with unparseable week: /mnt/nfs/lss/vosslabhpc/Projects/BOOST/InterventionStudy/3-experiment/data/polarhrcsv/Supervised/sub8036/8036_wk_ses14.CSV
2026-05-28 00:04:44,650 - WARNING - Skipping file with long duration (0 days 04:12:43): /mnt/nfs/lss/vosslabhpc/Projects/BOOST/InterventionStudy/3-experiment/data/polarhrcsv/Supervised/sub8036/8036_wk4_ses12.CSV
2026-05-28 00:04:45,151 - WARNING - Skipping file with long duration (0 days 07:01:04): /mnt/nfs/lss/vosslabhpc/Projects/BOOST/InterventionStudy/3-experiment/data/polarhrcsv/Supervised/sub8036/8036_wk3_ses5.CSV
2026-05-28 00:05:27,762 - WARNING - Could not parse week from filename: 8084_week5_ses16.CSV; skipping
2026-05-28 00:05:27,762 - WARNING - Skipping file with unparseable week: /mnt/nfs/lss/vosslabhpc/Projects/BOOST/InterventionStudy/3-experiment/data/polarhrcsv/Supervised/sub8084/8084_week5_ses16.CSV
2026-05-28 00:05:27,762 - WARNING - Could not parse week from filename: 8084_week5_ses18.CSV; skipping
2026-05-28 00:05:27,762 - WARNING - Skipping file with unparseable week: /mnt/nfs/lss/vosslabhpc/Projects/BOOST/InterventionStudy/3-experiment/data/polarhrcsv/Supervised/sub8084/8084_week5_ses18.CSV
2026-05-28 00:05:29,261 - WARNING - Could not parse week from filename: 8084_week6_ses22.CSV; skipping
2026-05-28 00:05:29,261 - WARNING - Skipping file with unparseable week: /mnt/nfs/lss/vosslabhpc/Projects/BOOST/InterventionStudy/3-experiment/data/polarhrcsv/Supervised/sub8084/8084_week6_ses22.CSV
2026-05-28 00:05:29,261 - WARNING - Could not parse week from filename: 8084_week5_ses17.CSV; skipping
2026-05-28 00:05:29,261 - WARNING - Skipping file with unparseable week: /mnt/nfs/lss/vosslabhpc/Projects/BOOST/InterventionStudy/3-experiment/data/polarhrcsv/Supervised/sub8084/8084_week5_ses17.CSV
2026-05-28 00:05:30,189 - WARNING - Could not parse week from filename: 8084_week6_ses19.CSV; skipping
2026-05-28 00:05:30,189 - WARNING - Skipping file with unparseable week: /mnt/nfs/lss/vosslabhpc/Projects/BOOST/InterventionStudy/3-experiment/data/polarhrcsv/Supervised/sub8084/8084_week6_ses19.CSV
2026-05-28 00:05:30,189 - WARNING - Could not parse week from filename: 8084_week4_ses14.CSV; skipping
2026-05-28 00:05:30,190 - WARNING - Skipping file with unparseable week: /mnt/nfs/lss/vosslabhpc/Projects/BOOST/InterventionStudy/3-experiment/data/polarhrcsv/Supervised/sub8084/8084_week4_ses14.CSV
2026-05-28 00:05:30,190 - WARNING - Could not parse week from filename: 8084_week4_ses13.CSV; skipping
2026-05-28 00:05:30,190 - WARNING - Skipping file with unparseable week: /mnt/nfs/lss/vosslabhpc/Projects/BOOST/InterventionStudy/3-experiment/data/polarhrcsv/Supervised/sub8084/8084_week4_ses13.CSV
2026-05-28 00:05:30,190 - WARNING - Could not parse week from filename: 8084_week6_ses21.CSV; skipping
2026-05-28 00:05:30,190 - WARNING - Skipping file with unparseable week: /mnt/nfs/lss/vosslabhpc/Projects/BOOST/InterventionStudy/3-experiment/data/polarhrcsv/Supervised/sub8084/8084_week6_ses21.CSV
2026-05-28 00:05:31,507 - WARNING - Skipping file with long duration (0 days 12:52:08): /mnt/nfs/lss/vosslabhpc/Projects/BOOST/InterventionStudy/3-experiment/data/polarhrcsv/Supervised/sub8084/8084_wk4_ses12.CSV
2026-05-28 00:05:31,507 - WARNING - Could not parse week from filename: 8084_week6_ses20.CSV; skipping
2026-05-28 00:05:31,507 - WARNING - Skipping file with unparseable week: /mnt/nfs/lss/vosslabhpc/Projects/BOOST/InterventionStudy/3-experiment/data/polarhrcsv/Supervised/sub8084/8084_week6_ses20.CSV
2026-05-28 00:05:31,507 - WARNING - Could not parse week from filename: 8084_week5_ses15.CSV; skipping
2026-05-28 00:05:31,507 - WARNING - Skipping file with unparseable week: /mnt/nfs/lss/vosslabhpc/Projects/BOOST/InterventionStudy/3-experiment/data/polarhrcsv/Supervised/sub8084/8084_week5_ses15.CSV
2026-05-28 00:05:40,040 - WARNING - Could not parse week from filename: 8083_week12_ses28.CSV; skipping
2026-05-28 00:05:40,040 - WARNING - Skipping file with unparseable week: /mnt/nfs/lss/vosslabhpc/Projects/BOOST/InterventionStudy/3-experiment/data/polarhrcsv/Unsupervised/sub8083/8083_week12_ses28.CSV
2026-05-28 00:05:40,040 - WARNING - Could not parse week from filename: 8083_week12_ses26.CSV; skipping
2026-05-28 00:05:40,040 - WARNING - Skipping file with unparseable week: /mnt/nfs/lss/vosslabhpc/Projects/BOOST/InterventionStudy/3-experiment/data/polarhrcsv/Unsupervised/sub8083/8083_week12_ses26.CSV
2026-05-28 00:05:40,040 - WARNING - Could not parse week from filename: 8083_week7_ses3.CSV; skipping
2026-05-28 00:05:40,040 - WARNING - Skipping file with unparseable week: /mnt/nfs/lss/vosslabhpc/Projects/BOOST/InterventionStudy/3-experiment/data/polarhrcsv/Unsupervised/sub8083/8083_week7_ses3.CSV
2026-05-28 00:05:40,040 - WARNING - Could not parse week from filename: 8083_week11_ses21.CSV; skipping
2026-05-28 00:05:40,040 - WARNING - Skipping file with unparseable week: /mnt/nfs/lss/vosslabhpc/Projects/BOOST/InterventionStudy/3-experiment/data/polarhrcsv/Unsupervised/sub8083/8083_week11_ses21.CSV
2026-05-28 00:05:40,040 - WARNING - Could not parse week from filename: 8083_week7_ses4.CSV; skipping
2026-05-28 00:05:40,040 - WARNING - Skipping file with unparseable week: /mnt/nfs/lss/vosslabhpc/Projects/BOOST/InterventionStudy/3-experiment/data/polarhrcsv/Unsupervised/sub8083/8083_week7_ses4.CSV
2026-05-28 00:05:40,041 - WARNING - Could not parse week from filename: 8083_week9_ses11.CSV; skipping
2026-05-28 00:05:40,041 - WARNING - Skipping file with unparseable week: /mnt/nfs/lss/vosslabhpc/Projects/BOOST/InterventionStudy/3-experiment/data/polarhrcsv/Unsupervised/sub8083/8083_week9_ses11.CSV
2026-05-28 00:05:40,041 - WARNING - Could not parse week from filename: 8083_week12_ses30.CSV; skipping
2026-05-28 00:05:40,041 - WARNING - Skipping file with unparseable week: /mnt/nfs/lss/vosslabhpc/Projects/BOOST/InterventionStudy/3-experiment/data/polarhrcsv/Unsupervised/sub8083/8083_week12_ses30.CSV
2026-05-28 00:05:40,041 - WARNING - Could not parse week from filename: 8083_week10_ses20.CSV; skipping
2026-05-28 00:05:40,041 - WARNING - Skipping file with unparseable week: /mnt/nfs/lss/vosslabhpc/Projects/BOOST/InterventionStudy/3-experiment/data/polarhrcsv/Unsupervised/sub8083/8083_week10_ses20.CSV
2026-05-28 00:05:40,041 - WARNING - Could not parse week from filename: 8083_week7_ses5.CSV; skipping
2026-05-28 00:05:40,041 - WARNING - Skipping file with unparseable week: /mnt/nfs/lss/vosslabhpc/Projects/BOOST/InterventionStudy/3-experiment/data/polarhrcsv/Unsupervised/sub8083/8083_week7_ses5.CSV
2026-05-28 00:05:40,041 - WARNING - Could not parse week from filename: 8083_week7_ses2.CSV; skipping
2026-05-28 00:05:40,041 - WARNING - Skipping file with unparseable week: /mnt/nfs/lss/vosslabhpc/Projects/BOOST/InterventionStudy/3-experiment/data/polarhrcsv/Unsupervised/sub8083/8083_week7_ses2.CSV
2026-05-28 00:05:40,041 - WARNING - Could not parse week from filename: 8083_week12_ses27.CSV; skipping
2026-05-28 00:05:40,041 - WARNING - Skipping file with unparseable week: /mnt/nfs/lss/vosslabhpc/Projects/BOOST/InterventionStudy/3-experiment/data/polarhrcsv/Unsupervised/sub8083/8083_week12_ses27.CSV
2026-05-28 00:05:40,041 - WARNING - Could not parse week from filename: 8083_week12_ses29.CSV; skipping
2026-05-28 00:05:40,041 - WARNING - Skipping file with unparseable week: /mnt/nfs/lss/vosslabhpc/Projects/BOOST/InterventionStudy/3-experiment/data/polarhrcsv/Unsupervised/sub8083/8083_week12_ses29.CSV
2026-05-28 00:05:40,041 - WARNING - Could not parse week from filename: 8083_week8_ses10.CSV; skipping
2026-05-28 00:05:40,041 - WARNING - Skipping file with unparseable week: /mnt/nfs/lss/vosslabhpc/Projects/BOOST/InterventionStudy/3-experiment/data/polarhrcsv/Unsupervised/sub8083/8083_week8_ses10.CSV
2026-05-28 00:05:40,041 - WARNING - Could not parse week from filename: 8083_week9_ses13.CSV; skipping
2026-05-28 00:05:40,041 - WARNING - Skipping file with unparseable week: /mnt/nfs/lss/vosslabhpc/Projects/BOOST/InterventionStudy/3-experiment/data/polarhrcsv/Unsupervised/sub8083/8083_week9_ses13.CSV
2026-05-28 00:05:40,041 - WARNING - Could not parse week from filename: 8083_week9_ses14.CSV; skipping
2026-05-28 00:05:40,041 - WARNING - Skipping file with unparseable week: /mnt/nfs/lss/vosslabhpc/Projects/BOOST/InterventionStudy/3-experiment/data/polarhrcsv/Unsupervised/sub8083/8083_week9_ses14.CSV
2026-05-28 00:05:40,041 - WARNING - Could not parse week from filename: 8083_week8_ses8.CSV; skipping
2026-05-28 00:05:40,041 - WARNING - Skipping file with unparseable week: /mnt/nfs/lss/vosslabhpc/Projects/BOOST/InterventionStudy/3-experiment/data/polarhrcsv/Unsupervised/sub8083/8083_week8_ses8.CSV
2026-05-28 00:05:40,041 - WARNING - Could not parse week from filename: 8083_week7_ses1.CSV; skipping
2026-05-28 00:05:40,041 - WARNING - Skipping file with unparseable week: /mnt/nfs/lss/vosslabhpc/Projects/BOOST/InterventionStudy/3-experiment/data/polarhrcsv/Unsupervised/sub8083/8083_week7_ses1.CSV
2026-05-28 00:05:40,041 - WARNING - Could not parse week from filename: 8083_week11_ses23.CSV; skipping
2026-05-28 00:05:40,041 - WARNING - Skipping file with unparseable week: /mnt/nfs/lss/vosslabhpc/Projects/BOOST/InterventionStudy/3-experiment/data/polarhrcsv/Unsupervised/sub8083/8083_week11_ses23.CSV
2026-05-28 00:05:40,041 - WARNING - Could not parse week from filename: 8083_week11_ses24.CSV; skipping
2026-05-28 00:05:40,041 - WARNING - Skipping file with unparseable week: /mnt/nfs/lss/vosslabhpc/Projects/BOOST/InterventionStudy/3-experiment/data/polarhrcsv/Unsupervised/sub8083/8083_week11_ses24.CSV
2026-05-28 00:05:40,041 - WARNING - Could not parse week from filename: 8083_week8_ses6.CSV; skipping
2026-05-28 00:05:40,041 - WARNING - Skipping file with unparseable week: /mnt/nfs/lss/vosslabhpc/Projects/BOOST/InterventionStudy/3-experiment/data/polarhrcsv/Unsupervised/sub8083/8083_week8_ses6.CSV
2026-05-28 00:05:40,041 - WARNING - Could not parse week from filename: 8083_week10_ses18.CSV; skipping
2026-05-28 00:05:40,041 - WARNING - Skipping file with unparseable week: /mnt/nfs/lss/vosslabhpc/Projects/BOOST/InterventionStudy/3-experiment/data/polarhrcsv/Unsupervised/sub8083/8083_week10_ses18.CSV
2026-05-28 00:05:40,041 - WARNING - Could not parse week from filename: 8083_week10_ses16.CSV; skipping
2026-05-28 00:05:40,041 - WARNING - Skipping file with unparseable week: /mnt/nfs/lss/vosslabhpc/Projects/BOOST/InterventionStudy/3-experiment/data/polarhrcsv/Unsupervised/sub8083/8083_week10_ses16.CSV
2026-05-28 00:05:40,041 - WARNING - Could not parse week from filename: 8083_week9_ses15.CSV; skipping
2026-05-28 00:05:40,041 - WARNING - Skipping file with unparseable week: /mnt/nfs/lss/vosslabhpc/Projects/BOOST/InterventionStudy/3-experiment/data/polarhrcsv/Unsupervised/sub8083/8083_week9_ses15.CSV
2026-05-28 00:05:40,042 - WARNING - Could not parse week from filename: 8083_week9_ses12.CSV; skipping
2026-05-28 00:05:40,042 - WARNING - Skipping file with unparseable week: /mnt/nfs/lss/vosslabhpc/Projects/BOOST/InterventionStudy/3-experiment/data/polarhrcsv/Unsupervised/sub8083/8083_week9_ses12.CSV
2026-05-28 00:05:40,042 - WARNING - Could not parse week from filename: 8083_week10_ses17.CSV; skipping
2026-05-28 00:05:40,042 - WARNING - Skipping file with unparseable week: /mnt/nfs/lss/vosslabhpc/Projects/BOOST/InterventionStudy/3-experiment/data/polarhrcsv/Unsupervised/sub8083/8083_week10_ses17.CSV
2026-05-28 00:05:40,042 - WARNING - Could not parse week from filename: 8083_week10_ses19.CSV; skipping
2026-05-28 00:05:40,042 - WARNING - Skipping file with unparseable week: /mnt/nfs/lss/vosslabhpc/Projects/BOOST/InterventionStudy/3-experiment/data/polarhrcsv/Unsupervised/sub8083/8083_week10_ses19.CSV
2026-05-28 00:05:40,042 - WARNING - Could not parse week from filename: 8083_week11_ses25.CSV; skipping
2026-05-28 00:05:40,042 - WARNING - Skipping file with unparseable week: /mnt/nfs/lss/vosslabhpc/Projects/BOOST/InterventionStudy/3-experiment/data/polarhrcsv/Unsupervised/sub8083/8083_week11_ses25.CSV
2026-05-28 00:05:40,042 - WARNING - Could not parse week from filename: 8083_week8_ses7.CSV; skipping
2026-05-28 00:05:40,042 - WARNING - Skipping file with unparseable week: /mnt/nfs/lss/vosslabhpc/Projects/BOOST/InterventionStudy/3-experiment/data/polarhrcsv/Unsupervised/sub8083/8083_week8_ses7.CSV
2026-05-28 00:05:40,042 - WARNING - Could not parse week from filename: 8083_week11_ses22.CSV; skipping
2026-05-28 00:05:40,042 - WARNING - Skipping file with unparseable week: /mnt/nfs/lss/vosslabhpc/Projects/BOOST/InterventionStudy/3-experiment/data/polarhrcsv/Unsupervised/sub8083/8083_week11_ses22.CSV
2026-05-28 00:05:40,042 - WARNING - Could not parse week from filename: 8083_week8_ses9.CSV; skipping
2026-05-28 00:05:40,042 - WARNING - Skipping file with unparseable week: /mnt/nfs/lss/vosslabhpc/Projects/BOOST/InterventionStudy/3-experiment/data/polarhrcsv/Unsupervised/sub8083/8083_week8_ses9.CSV
2026-05-28 00:05:47,257 - WARNING - Skipping file with long duration (0 days 12:54:07): /mnt/nfs/lss/vosslabhpc/Projects/BOOST/InterventionStudy/3-experiment/data/polarhrcsv/Unsupervised/sub8003/8003_wk10_ses17.CSV
2026-05-28 00:05:47,971 - WARNING - Skipping file with long duration (0 days 23:16:19): /mnt/nfs/lss/vosslabhpc/Projects/BOOST/InterventionStudy/3-experiment/data/polarhrcsv/Unsupervised/sub8003/8003_wk9_ses15.CSV
2026-05-28 00:05:49,240 - WARNING - Skipping file with long duration (0 days 13:50:59): /mnt/nfs/lss/vosslabhpc/Projects/BOOST/InterventionStudy/3-experiment/data/polarhrcsv/Unsupervised/sub8003/8003_wk11_ses22.CSV
2026-05-28 00:05:52,641 - WARNING - Skipping file with long duration (0 days 14:01:11): /mnt/nfs/lss/vosslabhpc/Projects/BOOST/InterventionStudy/3-experiment/data/polarhrcsv/Unsupervised/sub8003/8003_wk11_ses24.CSV
2026-05-28 00:05:54,667 - WARNING - Skipping file with long duration (0 days 14:25:24): /mnt/nfs/lss/vosslabhpc/Projects/BOOST/InterventionStudy/3-experiment/data/polarhrcsv/Unsupervised/sub8003/8003_wk10_ses16.CSV
2026-05-28 00:05:55,100 - WARNING - Skipping file with long duration (0 days 15:05:24): /mnt/nfs/lss/vosslabhpc/Projects/BOOST/InterventionStudy/3-experiment/data/polarhrcsv/Unsupervised/sub8003/8003_wk10_ses18.CSV
2026-05-28 00:05:55,906 - WARNING - Found 176550 time values with hour >= 24 in /mnt/nfs/lss/vosslabhpc/Projects/BOOST/InterventionStudy/3-experiment/data/polarhrcsv/Unsupervised/sub8003/8003_wk8_ses10.CSV (sample 24:00:00); normalizing to HH%24
2026-05-28 00:05:56,542 - WARNING - Skipping file with long duration (3 days 01:02:29): /mnt/nfs/lss/vosslabhpc/Projects/BOOST/InterventionStudy/3-experiment/data/polarhrcsv/Unsupervised/sub8003/8003_wk8_ses10.CSV
2026-05-28 00:05:56,973 - WARNING - Found 12668 time values with hour >= 24 in /mnt/nfs/lss/vosslabhpc/Projects/BOOST/InterventionStudy/3-experiment/data/polarhrcsv/Unsupervised/sub8003/8003_wk12_ses29.CSV (sample 24:00:00); normalizing to HH%24
2026-05-28 00:05:57,200 - WARNING - Skipping file with long duration (1 days 03:31:07): /mnt/nfs/lss/vosslabhpc/Projects/BOOST/InterventionStudy/3-experiment/data/polarhrcsv/Unsupervised/sub8003/8003_wk12_ses29.CSV
2026-05-28 00:05:57,440 - WARNING - Skipping file with long duration (0 days 14:54:55): /mnt/nfs/lss/vosslabhpc/Projects/BOOST/InterventionStudy/3-experiment/data/polarhrcsv/Unsupervised/sub8003/8003_wk12_ses27.CSV
2026-05-28 00:05:58,370 - WARNING - Skipping file with long duration (0 days 15:35:06): /mnt/nfs/lss/vosslabhpc/Projects/BOOST/InterventionStudy/3-experiment/data/polarhrcsv/Unsupervised/sub8003/8003_wk12_ses28.CSV
2026-05-28 00:06:03,654 - WARNING - Could not parse week from filename: 8074_week11_ses23.CSV; skipping
2026-05-28 00:06:03,654 - WARNING - Skipping file with unparseable week: /mnt/nfs/lss/vosslabhpc/Projects/BOOST/InterventionStudy/3-experiment/data/polarhrcsv/Unsupervised/sub8074/8074_week11_ses23.CSV
2026-05-28 00:06:04,391 - WARNING - Could not parse week from filename: 8074_week10_ses18.CSV; skipping
2026-05-28 00:06:04,391 - WARNING - Skipping file with unparseable week: /mnt/nfs/lss/vosslabhpc/Projects/BOOST/InterventionStudy/3-experiment/data/polarhrcsv/Unsupervised/sub8074/8074_week10_ses18.CSV
2026-05-28 00:06:04,391 - WARNING - Could not parse week from filename: 8074_week12_ses24.CSV; skipping
2026-05-28 00:06:04,391 - WARNING - Skipping file with unparseable week: /mnt/nfs/lss/vosslabhpc/Projects/BOOST/InterventionStudy/3-experiment/data/polarhrcsv/Unsupervised/sub8074/8074_week12_ses24.CSV
2026-05-28 00:06:04,391 - WARNING - Could not parse week from filename: 8074_week10_ses16.CSV; skipping
2026-05-28 00:06:04,391 - WARNING - Skipping file with unparseable week: /mnt/nfs/lss/vosslabhpc/Projects/BOOST/InterventionStudy/3-experiment/data/polarhrcsv/Unsupervised/sub8074/8074_week10_ses16.CSV
2026-05-28 00:06:04,547 - WARNING - Could not parse week from filename: 8074_week10_ses17.CSV; skipping
2026-05-28 00:06:04,547 - WARNING - Skipping file with unparseable week: /mnt/nfs/lss/vosslabhpc/Projects/BOOST/InterventionStudy/3-experiment/data/polarhrcsv/Unsupervised/sub8074/8074_week10_ses17.CSV
2026-05-28 00:06:04,547 - WARNING - Could not parse week from filename: 8074_week11_ses19.CSV; skipping
2026-05-28 00:06:04,547 - WARNING - Skipping file with unparseable week: /mnt/nfs/lss/vosslabhpc/Projects/BOOST/InterventionStudy/3-experiment/data/polarhrcsv/Unsupervised/sub8074/8074_week11_ses19.CSV
2026-05-28 00:06:04,547 - WARNING - Could not parse week from filename: 8074_week12_ses25.CSV; skipping
2026-05-28 00:06:04,547 - WARNING - Skipping file with unparseable week: /mnt/nfs/lss/vosslabhpc/Projects/BOOST/InterventionStudy/3-experiment/data/polarhrcsv/Unsupervised/sub8074/8074_week12_ses25.CSV
2026-05-28 00:06:04,619 - WARNING - Could not parse week from filename: 8074_week11_ses22.CSV; skipping
2026-05-28 00:06:04,619 - WARNING - Skipping file with unparseable week: /mnt/nfs/lss/vosslabhpc/Projects/BOOST/InterventionStudy/3-experiment/data/polarhrcsv/Unsupervised/sub8074/8074_week11_ses22.CSV
2026-05-28 00:06:04,953 - WARNING - Could not parse week from filename: 8074_week12_ses26.CSV; skipping
2026-05-28 00:06:04,953 - WARNING - Skipping file with unparseable week: /mnt/nfs/lss/vosslabhpc/Projects/BOOST/InterventionStudy/3-experiment/data/polarhrcsv/Unsupervised/sub8074/8074_week12_ses26.CSV
2026-05-28 00:06:04,953 - WARNING - Could not parse week from filename: 8074_week11_ses21.CSV; skipping
2026-05-28 00:06:04,953 - WARNING - Skipping file with unparseable week: /mnt/nfs/lss/vosslabhpc/Projects/BOOST/InterventionStudy/3-experiment/data/polarhrcsv/Unsupervised/sub8074/8074_week11_ses21.CSV
2026-05-28 00:06:05,395 - WARNING - Could not parse week from filename: 8074_week11_ses20.CSV; skipping
2026-05-28 00:06:05,395 - WARNING - Skipping file with unparseable week: /mnt/nfs/lss/vosslabhpc/Projects/BOOST/InterventionStudy/3-experiment/data/polarhrcsv/Unsupervised/sub8074/8074_week11_ses20.CSV
2026-05-28 00:06:05,468 - WARNING - Could not parse week from filename: 8074_week12_ses27.CSV; skipping
2026-05-28 00:06:05,468 - WARNING - Skipping file with unparseable week: /mnt/nfs/lss/vosslabhpc/Projects/BOOST/InterventionStudy/3-experiment/data/polarhrcsv/Unsupervised/sub8074/8074_week12_ses27.CSV
2026-05-28 00:06:08,484 - WARNING - Skipping file with long duration (0 days 15:33:12): /mnt/nfs/lss/vosslabhpc/Projects/BOOST/InterventionStudy/3-experiment/data/polarhrcsv/Unsupervised/sub8036/8036_wk10_ses16.CSV
2026-05-28 00:06:09,757 - WARNING - Skipping file with long duration (0 days 08:52:19): /mnt/nfs/lss/vosslabhpc/Projects/BOOST/InterventionStudy/3-experiment/data/polarhrcsv/Unsupervised/sub8036/8036_wk10_ses15.CSV
2026-05-28 00:06:10,194 - WARNING - Skipping file with long duration (0 days 09:25:51): /mnt/nfs/lss/vosslabhpc/Projects/BOOST/InterventionStudy/3-experiment/data/polarhrcsv/Unsupervised/sub8036/8036_wk7_ses2.CSV
2026-05-28 00:06:10,703 - WARNING - Skipping file with long duration (0 days 06:34:48): /mnt/nfs/lss/vosslabhpc/Projects/BOOST/InterventionStudy/3-experiment/data/polarhrcsv/Unsupervised/sub8036/8036_wk9_ses11.CSV
2026-05-28 00:06:10,703 - WARNING - Could not parse week from filename: 8079_week7_ses1.CSV; skipping
2026-05-28 00:06:10,703 - WARNING - Skipping file with unparseable week: /mnt/nfs/lss/vosslabhpc/Projects/BOOST/InterventionStudy/3-experiment/data/polarhrcsv/Unsupervised/sub8079/8079_week7_ses1.CSV
2026-05-28 00:06:10,703 - WARNING - Could not parse week from filename: 8079_week10_ses7.CSV; skipping
2026-05-28 00:06:10,704 - WARNING - Skipping file with unparseable week: /mnt/nfs/lss/vosslabhpc/Projects/BOOST/InterventionStudy/3-experiment/data/polarhrcsv/Unsupervised/sub8079/8079_week10_ses7.CSV
2026-05-28 00:06:10,704 - WARNING - Could not parse week from filename: 8079_week7_ses2.CSV; skipping
2026-05-28 00:06:10,704 - WARNING - Skipping file with unparseable week: /mnt/nfs/lss/vosslabhpc/Projects/BOOST/InterventionStudy/3-experiment/data/polarhrcsv/Unsupervised/sub8079/8079_week7_ses2.CSV
2026-05-28 00:06:10,704 - WARNING - Could not parse week from filename: 8079_week10_ses9.CSV; skipping
2026-05-28 00:06:10,704 - WARNING - Skipping file with unparseable week: /mnt/nfs/lss/vosslabhpc/Projects/BOOST/InterventionStudy/3-experiment/data/polarhrcsv/Unsupervised/sub8079/8079_week10_ses9.CSV
2026-05-28 00:06:10,704 - WARNING - Could not parse week from filename: 8079_week10_ses10.CSV; skipping
2026-05-28 00:06:10,704 - WARNING - Skipping file with unparseable week: /mnt/nfs/lss/vosslabhpc/Projects/BOOST/InterventionStudy/3-experiment/data/polarhrcsv/Unsupervised/sub8079/8079_week10_ses10.CSV
2026-05-28 00:06:10,704 - WARNING - Could not parse week from filename: 8079_week8_ses4.CSV; skipping
2026-05-28 00:06:10,704 - WARNING - Skipping file with unparseable week: /mnt/nfs/lss/vosslabhpc/Projects/BOOST/InterventionStudy/3-experiment/data/polarhrcsv/Unsupervised/sub8079/8079_week8_ses4.CSV
2026-05-28 00:06:10,704 - WARNING - Could not parse week from filename: 8079_week7_ses3.CSV; skipping
2026-05-28 00:06:10,704 - WARNING - Skipping file with unparseable week: /mnt/nfs/lss/vosslabhpc/Projects/BOOST/InterventionStudy/3-experiment/data/polarhrcsv/Unsupervised/sub8079/8079_week7_ses3.CSV
2026-05-28 00:06:10,704 - WARNING - Could not parse week from filename: 8079_week10_ses8.CSV; skipping
2026-05-28 00:06:10,704 - WARNING - Skipping file with unparseable week: /mnt/nfs/lss/vosslabhpc/Projects/BOOST/InterventionStudy/3-experiment/data/polarhrcsv/Unsupervised/sub8079/8079_week10_ses8.CSV
2026-05-28 00:06:10,704 - WARNING - Could not parse week from filename: 8079_week10_ses6.CSV; skipping
2026-05-28 00:06:10,704 - WARNING - Skipping file with unparseable week: /mnt/nfs/lss/vosslabhpc/Projects/BOOST/InterventionStudy/3-experiment/data/polarhrcsv/Unsupervised/sub8079/8079_week10_ses6.CSV
2026-05-28 00:06:10,704 - WARNING - Could not parse week from filename: 8079_week9_ses5.CSV; skipping
2026-05-28 00:06:10,704 - WARNING - Skipping file with unparseable week: /mnt/nfs/lss/vosslabhpc/Projects/BOOST/InterventionStudy/3-experiment/data/polarhrcsv/Unsupervised/sub8079/8079_week9_ses5.CSV
2026-05-28 00:06:10,704 - WARNING - Could not parse week from filename: 8073_week11_ses12.CSV; skipping
2026-05-28 00:06:10,704 - WARNING - Skipping file with unparseable week: /mnt/nfs/lss/vosslabhpc/Projects/BOOST/InterventionStudy/3-experiment/data/polarhrcsv/Unsupervised/sub8073/8073_week11_ses12.CSV
2026-05-28 00:06:10,704 - WARNING - Could not parse week from filename: 8073_week11_ses9.CSV; skipping
2026-05-28 00:06:10,704 - WARNING - Skipping file with unparseable week: /mnt/nfs/lss/vosslabhpc/Projects/BOOST/InterventionStudy/3-experiment/data/polarhrcsv/Unsupervised/sub8073/8073_week11_ses9.CSV
2026-05-28 00:06:10,704 - WARNING - Could not parse week from filename: 8073_week10_ses8.CSV; skipping
2026-05-28 00:06:10,704 - WARNING - Skipping file with unparseable week: /mnt/nfs/lss/vosslabhpc/Projects/BOOST/InterventionStudy/3-experiment/data/polarhrcsv/Unsupervised/sub8073/8073_week10_ses8.CSV
2026-05-28 00:06:12,558 - WARNING - Could not parse week from filename: 8073_week12_ses13.CSV; skipping
2026-05-28 00:06:12,558 - WARNING - Skipping file with unparseable week: /mnt/nfs/lss/vosslabhpc/Projects/BOOST/InterventionStudy/3-experiment/data/polarhrcsv/Unsupervised/sub8073/8073_week12_ses13.CSV
2026-05-28 00:06:12,558 - WARNING - Could not parse week from filename: 8073_week9_ses7.CSV; skipping
2026-05-28 00:06:12,558 - WARNING - Skipping file with unparseable week: /mnt/nfs/lss/vosslabhpc/Projects/BOOST/InterventionStudy/3-experiment/data/polarhrcsv/Unsupervised/sub8073/8073_week9_ses7.CSV
2026-05-28 00:06:14,200 - WARNING - Could not parse week from filename: 8073_week11_ses10.CSV; skipping
2026-05-28 00:06:14,200 - WARNING - Skipping file with unparseable week: /mnt/nfs/lss/vosslabhpc/Projects/BOOST/InterventionStudy/3-experiment/data/polarhrcsv/Unsupervised/sub8073/8073_week11_ses10.CSV
2026-05-28 00:06:14,616 - WARNING - Could not parse week from filename: 8073_week11_ses11.CSV; skipping
2026-05-28 00:06:14,616 - WARNING - Skipping file with unparseable week: /mnt/nfs/lss/vosslabhpc/Projects/BOOST/InterventionStudy/3-experiment/data/polarhrcsv/Unsupervised/sub8073/8073_week11_ses11.CSV
2026-05-28 00:06:35,393 - WARNING - Could not parse week from filename: 8084_week9_ses15.CSV; skipping
2026-05-28 00:06:35,393 - WARNING - Skipping file with unparseable week: /mnt/nfs/lss/vosslabhpc/Projects/BOOST/InterventionStudy/3-experiment/data/polarhrcsv/Unsupervised/sub8084/8084_week9_ses15.CSV
2026-05-28 00:06:35,393 - WARNING - Could not parse week from filename: 8084_week9_ses12.CSV; skipping
2026-05-28 00:06:35,393 - WARNING - Skipping file with unparseable week: /mnt/nfs/lss/vosslabhpc/Projects/BOOST/InterventionStudy/3-experiment/data/polarhrcsv/Unsupervised/sub8084/8084_week9_ses12.CSV
2026-05-28 00:06:35,393 - WARNING - Could not parse week from filename: 8084_week11_ses21.CSV; skipping
2026-05-28 00:06:35,393 - WARNING - Skipping file with unparseable week: /mnt/nfs/lss/vosslabhpc/Projects/BOOST/InterventionStudy/3-experiment/data/polarhrcsv/Unsupervised/sub8084/8084_week11_ses21.CSV
2026-05-28 00:06:35,393 - WARNING - Could not parse week from filename: 8084_week8_ses6.CSV; skipping
2026-05-28 00:06:35,393 - WARNING - Skipping file with unparseable week: /mnt/nfs/lss/vosslabhpc/Projects/BOOST/InterventionStudy/3-experiment/data/polarhrcsv/Unsupervised/sub8084/8084_week8_ses6.CSV
2026-05-28 00:06:35,393 - WARNING - Could not parse week from filename: 8084_week7_ses1.CSV; skipping
2026-05-28 00:06:35,394 - WARNING - Skipping file with unparseable week: /mnt/nfs/lss/vosslabhpc/Projects/BOOST/InterventionStudy/3-experiment/data/polarhrcsv/Unsupervised/sub8084/8084_week7_ses1.CSV
2026-05-28 00:06:35,394 - WARNING - Could not parse week from filename: 8084_week8_ses8.CSV; skipping
2026-05-28 00:06:35,394 - WARNING - Skipping file with unparseable week: /mnt/nfs/lss/vosslabhpc/Projects/BOOST/InterventionStudy/3-experiment/data/polarhrcsv/Unsupervised/sub8084/8084_week8_ses8.CSV
2026-05-28 00:06:35,394 - WARNING - Could not parse week from filename: 8084_week9_ses13.CSV; skipping
2026-05-28 00:06:35,394 - WARNING - Skipping file with unparseable week: /mnt/nfs/lss/vosslabhpc/Projects/BOOST/InterventionStudy/3-experiment/data/polarhrcsv/Unsupervised/sub8084/8084_week9_ses13.CSV
2026-05-28 00:06:35,394 - WARNING - Could not parse week from filename: 8084_week9_ses14.CSV; skipping
2026-05-28 00:06:35,394 - WARNING - Skipping file with unparseable week: /mnt/nfs/lss/vosslabhpc/Projects/BOOST/InterventionStudy/3-experiment/data/polarhrcsv/Unsupervised/sub8084/8084_week9_ses14.CSV
2026-05-28 00:06:35,394 - WARNING - Could not parse week from filename: 8084_week8_ses9.CSV; skipping
2026-05-28 00:06:35,394 - WARNING - Skipping file with unparseable week: /mnt/nfs/lss/vosslabhpc/Projects/BOOST/InterventionStudy/3-experiment/data/polarhrcsv/Unsupervised/sub8084/8084_week8_ses9.CSV
2026-05-28 00:06:35,394 - WARNING - Could not parse week from filename: 8084_week10_ses20.CSV; skipping
2026-05-28 00:06:35,394 - WARNING - Skipping file with unparseable week: /mnt/nfs/lss/vosslabhpc/Projects/BOOST/InterventionStudy/3-experiment/data/polarhrcsv/Unsupervised/sub8084/8084_week10_ses20.CSV
2026-05-28 00:06:35,394 - WARNING - Could not parse week from filename: 8084_week8_ses7.CSV; skipping
2026-05-28 00:06:35,394 - WARNING - Skipping file with unparseable week: /mnt/nfs/lss/vosslabhpc/Projects/BOOST/InterventionStudy/3-experiment/data/polarhrcsv/Unsupervised/sub8084/8084_week8_ses7.CSV
2026-05-28 00:06:35,394 - WARNING - Could not parse week from filename: 8084_week11_ses23.CSV; skipping
2026-05-28 00:06:35,394 - WARNING - Skipping file with unparseable week: /mnt/nfs/lss/vosslabhpc/Projects/BOOST/InterventionStudy/3-experiment/data/polarhrcsv/Unsupervised/sub8084/8084_week11_ses23.CSV
2026-05-28 00:06:35,394 - WARNING - Could not parse week from filename: 8084_week7_ses4.CSV; skipping
2026-05-28 00:06:35,394 - WARNING - Skipping file with unparseable week: /mnt/nfs/lss/vosslabhpc/Projects/BOOST/InterventionStudy/3-experiment/data/polarhrcsv/Unsupervised/sub8084/8084_week7_ses4.CSV
2026-05-28 00:06:35,394 - WARNING - Could not parse week from filename: 8084_week7_ses3.CSV; skipping
2026-05-28 00:06:35,394 - WARNING - Skipping file with unparseable week: /mnt/nfs/lss/vosslabhpc/Projects/BOOST/InterventionStudy/3-experiment/data/polarhrcsv/Unsupervised/sub8084/8084_week7_ses3.CSV
2026-05-28 00:06:35,394 - WARNING - Could not parse week from filename: 8084_week11_ses24.CSV; skipping
2026-05-28 00:06:35,394 - WARNING - Skipping file with unparseable week: /mnt/nfs/lss/vosslabhpc/Projects/BOOST/InterventionStudy/3-experiment/data/polarhrcsv/Unsupervised/sub8084/8084_week11_ses24.CSV
2026-05-28 00:06:35,394 - WARNING - Could not parse week from filename: 8084_week10_ses18.CSV; skipping
2026-05-28 00:06:35,394 - WARNING - Skipping file with unparseable week: /mnt/nfs/lss/vosslabhpc/Projects/BOOST/InterventionStudy/3-experiment/data/polarhrcsv/Unsupervised/sub8084/8084_week10_ses18.CSV
2026-05-28 00:06:35,394 - WARNING - Could not parse week from filename: 8084_week10_ses16.CSV; skipping
2026-05-28 00:06:35,394 - WARNING - Skipping file with unparseable week: /mnt/nfs/lss/vosslabhpc/Projects/BOOST/InterventionStudy/3-experiment/data/polarhrcsv/Unsupervised/sub8084/8084_week10_ses16.CSV
2026-05-28 00:06:35,394 - WARNING - Could not parse week from filename: 8084_week8_ses10.CSV; skipping
2026-05-28 00:06:35,394 - WARNING - Skipping file with unparseable week: /mnt/nfs/lss/vosslabhpc/Projects/BOOST/InterventionStudy/3-experiment/data/polarhrcsv/Unsupervised/sub8084/8084_week8_ses10.CSV
2026-05-28 00:06:35,394 - WARNING - Could not parse week from filename: 8084_week10_ses17.CSV; skipping
2026-05-28 00:06:35,394 - WARNING - Skipping file with unparseable week: /mnt/nfs/lss/vosslabhpc/Projects/BOOST/InterventionStudy/3-experiment/data/polarhrcsv/Unsupervised/sub8084/8084_week10_ses17.CSV
2026-05-28 00:06:35,394 - WARNING - Could not parse week from filename: 8084_week10_ses19.CSV; skipping
2026-05-28 00:06:35,394 - WARNING - Skipping file with unparseable week: /mnt/nfs/lss/vosslabhpc/Projects/BOOST/InterventionStudy/3-experiment/data/polarhrcsv/Unsupervised/sub8084/8084_week10_ses19.CSV
2026-05-28 00:06:35,394 - WARNING - Could not parse week from filename: 8084_week7_ses2.CSV; skipping
2026-05-28 00:06:35,394 - WARNING - Skipping file with unparseable week: /mnt/nfs/lss/vosslabhpc/Projects/BOOST/InterventionStudy/3-experiment/data/polarhrcsv/Unsupervised/sub8084/8084_week7_ses2.CSV
2026-05-28 00:06:35,394 - WARNING - Could not parse week from filename: 8084_week11_ses22.CSV; skipping
2026-05-28 00:06:35,394 - WARNING - Skipping file with unparseable week: /mnt/nfs/lss/vosslabhpc/Projects/BOOST/InterventionStudy/3-experiment/data/polarhrcsv/Unsupervised/sub8084/8084_week11_ses22.CSV
2026-05-28 00:06:35,395 - WARNING - Could not parse week from filename: 8084_week7_ses5.CSV; skipping
2026-05-28 00:06:35,395 - WARNING - Skipping file with unparseable week: /mnt/nfs/lss/vosslabhpc/Projects/BOOST/InterventionStudy/3-experiment/data/polarhrcsv/Unsupervised/sub8084/8084_week7_ses5.CSV
2026-05-28 00:06:35,395 - WARNING - Could not parse week from filename: 8084_week9_ses11.CSV; skipping
2026-05-28 00:06:35,395 - WARNING - Skipping file with unparseable week: /mnt/nfs/lss/vosslabhpc/Projects/BOOST/InterventionStudy/3-experiment/data/polarhrcsv/Unsupervised/sub8084/8084_week9_ses11.CSV
2026-05-28 00:06:35,395 - WARNING - Could not parse week from filename: 8080_week7_ses1.CSV; skipping
2026-05-28 00:06:35,395 - WARNING - Skipping file with unparseable week: /mnt/nfs/lss/vosslabhpc/Projects/BOOST/InterventionStudy/3-experiment/data/polarhrcsv/Unsupervised/sub8080/8080_week7_ses1.CSV
2026-05-28 00:06:35,395 - WARNING - Could not parse week from filename: 8080_week8_ses6.CSV; skipping
2026-05-28 00:06:35,395 - WARNING - Skipping file with unparseable week: /mnt/nfs/lss/vosslabhpc/Projects/BOOST/InterventionStudy/3-experiment/data/polarhrcsv/Unsupervised/sub8080/8080_week8_ses6.CSV
2026-05-28 00:06:35,395 - WARNING - Could not parse week from filename: 8080_week8_ses8.CSV; skipping
2026-05-28 00:06:35,395 - WARNING - Skipping file with unparseable week: /mnt/nfs/lss/vosslabhpc/Projects/BOOST/InterventionStudy/3-experiment/data/polarhrcsv/Unsupervised/sub8080/8080_week8_ses8.CSV
2026-05-28 00:06:35,395 - WARNING - Could not parse week from filename: 8080_week8_ses7.CSV; skipping
2026-05-28 00:06:35,395 - WARNING - Skipping file with unparseable week: /mnt/nfs/lss/vosslabhpc/Projects/BOOST/InterventionStudy/3-experiment/data/polarhrcsv/Unsupervised/sub8080/8080_week8_ses7.CSV
2026-05-28 00:06:35,395 - WARNING - Could not parse week from filename: 8080_week7_ses3.CSV; skipping
2026-05-28 00:06:35,395 - WARNING - Skipping file with unparseable week: /mnt/nfs/lss/vosslabhpc/Projects/BOOST/InterventionStudy/3-experiment/data/polarhrcsv/Unsupervised/sub8080/8080_week7_ses3.CSV
2026-05-28 00:06:35,395 - WARNING - Could not parse week from filename: 8080_week7_ses4.CSV; skipping
2026-05-28 00:06:35,395 - WARNING - Skipping file with unparseable week: /mnt/nfs/lss/vosslabhpc/Projects/BOOST/InterventionStudy/3-experiment/data/polarhrcsv/Unsupervised/sub8080/8080_week7_ses4.CSV
2026-05-28 00:06:35,395 - WARNING - Could not parse week from filename: 8080_week7_ses5.CSV; skipping
2026-05-28 00:06:35,395 - WARNING - Skipping file with unparseable week: /mnt/nfs/lss/vosslabhpc/Projects/BOOST/InterventionStudy/3-experiment/data/polarhrcsv/Unsupervised/sub8080/8080_week7_ses5.CSV
2026-05-28 00:06:35,395 - WARNING - Could not parse week from filename: 8080_week7_ses2.CSV; skipping
2026-05-28 00:06:35,395 - WARNING - Skipping file with unparseable week: /mnt/nfs/lss/vosslabhpc/Projects/BOOST/InterventionStudy/3-experiment/data/polarhrcsv/Unsupervised/sub8080/8080_week7_ses2.CSV
2026-05-28 00:06:46,305 - WARNING - Could not parse week from filename: 8070_week12_ses27.CSV; skipping
2026-05-28 00:06:46,305 - WARNING - Skipping file with unparseable week: /mnt/nfs/lss/vosslabhpc/Projects/BOOST/InterventionStudy/3-experiment/data/polarhrcsv/Unsupervised/sub8070/8070_week12_ses27.CSV
2026-05-28 00:06:47,306 - WARNING - Could not parse week from filename: 8070_week12_ses26.CSV; skipping
2026-05-28 00:06:47,306 - WARNING - Skipping file with unparseable week: /mnt/nfs/lss/vosslabhpc/Projects/BOOST/InterventionStudy/3-experiment/data/polarhrcsv/Unsupervised/sub8070/8070_week12_ses26.CSV
2026-05-28 00:06:48,071 - WARNING - Could not parse week from filename: 8070_week12_ses25.CSV; skipping
2026-05-28 00:06:48,071 - WARNING - Skipping file with unparseable week: /mnt/nfs/lss/vosslabhpc/Projects/BOOST/InterventionStudy/3-experiment/data/polarhrcsv/Unsupervised/sub8070/8070_week12_ses25.CSV
2026-05-28 00:06:48,408 - WARNING - Could not parse week from filename: 8070_week12_ses23.CSV; skipping
2026-05-28 00:06:48,408 - WARNING - Skipping file with unparseable week: /mnt/nfs/lss/vosslabhpc/Projects/BOOST/InterventionStudy/3-experiment/data/polarhrcsv/Unsupervised/sub8070/8070_week12_ses23.CSV
2026-05-28 00:06:48,490 - WARNING - Could not parse week from filename: 8070_week12_ses24.CSV; skipping
2026-05-28 00:06:48,490 - WARNING - Skipping file with unparseable week: /mnt/nfs/lss/vosslabhpc/Projects/BOOST/InterventionStudy/3-experiment/data/polarhrcsv/Unsupervised/sub8070/8070_week12_ses24.CSV
2026-05-28 00:06:50,998 - WARNING - Could not parse week from filename: 8026-wk7_ses2.CSV; skipping
2026-05-28 00:06:50,998 - WARNING - Skipping file with unparseable week: /mnt/nfs/lss/vosslabhpc/Projects/BOOST/InterventionStudy/3-experiment/data/polarhrcsv/Unsupervised/sub8026/8026-wk7_ses2.CSV
2026-05-28 00:06:50,998 - WARNING - Could not parse week from filename: 8069_week8_ses7.CSV; skipping
2026-05-28 00:06:50,998 - WARNING - Skipping file with unparseable week: /mnt/nfs/lss/vosslabhpc/Projects/BOOST/InterventionStudy/3-experiment/data/polarhrcsv/Unsupervised/sub8069/8069_week8_ses7.CSV
2026-05-28 00:06:50,998 - WARNING - Could not parse week from filename: 8069_week8_ses9.CSV; skipping
2026-05-28 00:06:50,998 - WARNING - Skipping file with unparseable week: /mnt/nfs/lss/vosslabhpc/Projects/BOOST/InterventionStudy/3-experiment/data/polarhrcsv/Unsupervised/sub8069/8069_week8_ses9.CSV
2026-05-28 00:06:50,999 - WARNING - Could not parse week from filename: 8069_week11_ses24.CSV; skipping
2026-05-28 00:06:50,999 - WARNING - Skipping file with unparseable week: /mnt/nfs/lss/vosslabhpc/Projects/BOOST/InterventionStudy/3-experiment/data/polarhrcsv/Unsupervised/sub8069/8069_week11_ses24.CSV
2026-05-28 00:06:50,999 - WARNING - Could not parse week from filename: 8069_week11_ses23.CSV; skipping
2026-05-28 00:06:50,999 - WARNING - Skipping file with unparseable week: /mnt/nfs/lss/vosslabhpc/Projects/BOOST/InterventionStudy/3-experiment/data/polarhrcsv/Unsupervised/sub8069/8069_week11_ses23.CSV
2026-05-28 00:06:50,999 - WARNING - Could not parse week from filename: 8069_week10_ses18.CSV; skipping
2026-05-28 00:06:50,999 - WARNING - Skipping file with unparseable week: /mnt/nfs/lss/vosslabhpc/Projects/BOOST/InterventionStudy/3-experiment/data/polarhrcsv/Unsupervised/sub8069/8069_week10_ses18.CSV
2026-05-28 00:06:50,999 - WARNING - Could not parse week from filename: 8069_week9_ses15.CSV; skipping
2026-05-28 00:06:50,999 - WARNING - Skipping file with unparseable week: /mnt/nfs/lss/vosslabhpc/Projects/BOOST/InterventionStudy/3-experiment/data/polarhrcsv/Unsupervised/sub8069/8069_week9_ses15.CSV
2026-05-28 00:06:50,999 - WARNING - Could not parse week from filename: 8069_week10_ses16.CSV; skipping
2026-05-28 00:06:50,999 - WARNING - Skipping file with unparseable week: /mnt/nfs/lss/vosslabhpc/Projects/BOOST/InterventionStudy/3-experiment/data/polarhrcsv/Unsupervised/sub8069/8069_week10_ses16.CSV
2026-05-28 00:06:50,999 - WARNING - Could not parse week from filename: 8069_week9_ses12.CSV; skipping
2026-05-28 00:06:50,999 - WARNING - Skipping file with unparseable week: /mnt/nfs/lss/vosslabhpc/Projects/BOOST/InterventionStudy/3-experiment/data/polarhrcsv/Unsupervised/sub8069/8069_week9_ses12.CSV
2026-05-28 00:06:50,999 - WARNING - Could not parse week from filename: 8069_week8_ses8.CSV; skipping
2026-05-28 00:06:50,999 - WARNING - Skipping file with unparseable week: /mnt/nfs/lss/vosslabhpc/Projects/BOOST/InterventionStudy/3-experiment/data/polarhrcsv/Unsupervised/sub8069/8069_week8_ses8.CSV
2026-05-28 00:06:50,999 - WARNING - Could not parse week from filename: 8069_week7_ses1.CSV; skipping
2026-05-28 00:06:50,999 - WARNING - Skipping file with unparseable week: /mnt/nfs/lss/vosslabhpc/Projects/BOOST/InterventionStudy/3-experiment/data/polarhrcsv/Unsupervised/sub8069/8069_week7_ses1.CSV
2026-05-28 00:06:50,999 - WARNING - Could not parse week from filename: 8069_week8_ses6.CSV; skipping
2026-05-28 00:06:50,999 - WARNING - Skipping file with unparseable week: /mnt/nfs/lss/vosslabhpc/Projects/BOOST/InterventionStudy/3-experiment/data/polarhrcsv/Unsupervised/sub8069/8069_week8_ses6.CSV
2026-05-28 00:06:50,999 - WARNING - Could not parse week from filename: 8069_week9_ses13.CSV; skipping
2026-05-28 00:06:50,999 - WARNING - Skipping file with unparseable week: /mnt/nfs/lss/vosslabhpc/Projects/BOOST/InterventionStudy/3-experiment/data/polarhrcsv/Unsupervised/sub8069/8069_week9_ses13.CSV
2026-05-28 00:06:50,999 - WARNING - Could not parse week from filename: 8069_week9_ses14.CSV; skipping
2026-05-28 00:06:50,999 - WARNING - Skipping file with unparseable week: /mnt/nfs/lss/vosslabhpc/Projects/BOOST/InterventionStudy/3-experiment/data/polarhrcsv/Unsupervised/sub8069/8069_week9_ses14.CSV
2026-05-28 00:06:50,999 - WARNING - Could not parse week from filename: 8069_week10_ses17.CSV; skipping
2026-05-28 00:06:50,999 - WARNING - Skipping file with unparseable week: /mnt/nfs/lss/vosslabhpc/Projects/BOOST/InterventionStudy/3-experiment/data/polarhrcsv/Unsupervised/sub8069/8069_week10_ses17.CSV
2026-05-28 00:06:50,999 - WARNING - Could not parse week from filename: 8069_week10_ses19.CSV; skipping
2026-05-28 00:06:50,999 - WARNING - Skipping file with unparseable week: /mnt/nfs/lss/vosslabhpc/Projects/BOOST/InterventionStudy/3-experiment/data/polarhrcsv/Unsupervised/sub8069/8069_week10_ses19.CSV
2026-05-28 00:06:50,999 - WARNING - Could not parse week from filename: 8069_week11_ses22.CSV; skipping
2026-05-28 00:06:50,999 - WARNING - Skipping file with unparseable week: /mnt/nfs/lss/vosslabhpc/Projects/BOOST/InterventionStudy/3-experiment/data/polarhrcsv/Unsupervised/sub8069/8069_week11_ses22.CSV
2026-05-28 00:06:50,999 - WARNING - Could not parse week from filename: 8069_week11_ses25.CSV; skipping
2026-05-28 00:06:50,999 - WARNING - Skipping file with unparseable week: /mnt/nfs/lss/vosslabhpc/Projects/BOOST/InterventionStudy/3-experiment/data/polarhrcsv/Unsupervised/sub8069/8069_week11_ses25.CSV
2026-05-28 00:06:50,999 - WARNING - Could not parse week from filename: 8069_week12_ses28.CSV; skipping
2026-05-28 00:06:50,999 - WARNING - Skipping file with unparseable week: /mnt/nfs/lss/vosslabhpc/Projects/BOOST/InterventionStudy/3-experiment/data/polarhrcsv/Unsupervised/sub8069/8069_week12_ses28.CSV
2026-05-28 00:06:50,999 - WARNING - Could not parse week from filename: 8069_week12_ses26.CSV; skipping
2026-05-28 00:06:50,999 - WARNING - Skipping file with unparseable week: /mnt/nfs/lss/vosslabhpc/Projects/BOOST/InterventionStudy/3-experiment/data/polarhrcsv/Unsupervised/sub8069/8069_week12_ses26.CSV
2026-05-28 00:06:51,000 - WARNING - Could not parse week from filename: 8069_week8_ses10.CSV; skipping
2026-05-28 00:06:51,000 - WARNING - Skipping file with unparseable week: /mnt/nfs/lss/vosslabhpc/Projects/BOOST/InterventionStudy/3-experiment/data/polarhrcsv/Unsupervised/sub8069/8069_week8_ses10.CSV
2026-05-28 00:06:51,000 - WARNING - Could not parse week from filename: 8069_week11_ses21.CSV; skipping
2026-05-28 00:06:51,000 - WARNING - Skipping file with unparseable week: /mnt/nfs/lss/vosslabhpc/Projects/BOOST/InterventionStudy/3-experiment/data/polarhrcsv/Unsupervised/sub8069/8069_week11_ses21.CSV
2026-05-28 00:06:51,000 - WARNING - Could not parse week from filename: 8069_week7_ses5.CSV; skipping
2026-05-28 00:06:51,000 - WARNING - Skipping file with unparseable week: /mnt/nfs/lss/vosslabhpc/Projects/BOOST/InterventionStudy/3-experiment/data/polarhrcsv/Unsupervised/sub8069/8069_week7_ses5.CSV
2026-05-28 00:06:51,000 - WARNING - Could not parse week from filename: 8069_week7_ses2.CSV; skipping
2026-05-28 00:06:51,000 - WARNING - Skipping file with unparseable week: /mnt/nfs/lss/vosslabhpc/Projects/BOOST/InterventionStudy/3-experiment/data/polarhrcsv/Unsupervised/sub8069/8069_week7_ses2.CSV
2026-05-28 00:06:51,000 - WARNING - Could not parse week from filename: 8069_week12_ses30.CSV; skipping
2026-05-28 00:06:51,000 - WARNING - Skipping file with unparseable week: /mnt/nfs/lss/vosslabhpc/Projects/BOOST/InterventionStudy/3-experiment/data/polarhrcsv/Unsupervised/sub8069/8069_week12_ses30.CSV
2026-05-28 00:06:51,000 - WARNING - Could not parse week from filename: 8069_week10_ses20.CSV; skipping
2026-05-28 00:06:51,000 - WARNING - Skipping file with unparseable week: /mnt/nfs/lss/vosslabhpc/Projects/BOOST/InterventionStudy/3-experiment/data/polarhrcsv/Unsupervised/sub8069/8069_week10_ses20.CSV
2026-05-28 00:06:51,000 - WARNING - Could not parse week from filename: 8069_week12_ses27.CSV; skipping
2026-05-28 00:06:51,000 - WARNING - Skipping file with unparseable week: /mnt/nfs/lss/vosslabhpc/Projects/BOOST/InterventionStudy/3-experiment/data/polarhrcsv/Unsupervised/sub8069/8069_week12_ses27.CSV
2026-05-28 00:06:51,000 - WARNING - Could not parse week from filename: 8069_week9_ses11.CSV; skipping
2026-05-28 00:06:51,000 - WARNING - Skipping file with unparseable week: /mnt/nfs/lss/vosslabhpc/Projects/BOOST/InterventionStudy/3-experiment/data/polarhrcsv/Unsupervised/sub8069/8069_week9_ses11.CSV
2026-05-28 00:06:51,000 - WARNING - Could not parse week from filename: 8069_week12_ses29.CSV; skipping
2026-05-28 00:06:51,000 - WARNING - Skipping file with unparseable week: /mnt/nfs/lss/vosslabhpc/Projects/BOOST/InterventionStudy/3-experiment/data/polarhrcsv/Unsupervised/sub8069/8069_week12_ses29.CSV
2026-05-28 00:06:51,000 - WARNING - Could not parse week from filename: 8069_week7_ses3.CSV; skipping
2026-05-28 00:06:51,000 - WARNING - Skipping file with unparseable week: /mnt/nfs/lss/vosslabhpc/Projects/BOOST/InterventionStudy/3-experiment/data/polarhrcsv/Unsupervised/sub8069/8069_week7_ses3.CSV
2026-05-28 00:06:51,000 - WARNING - Could not parse week from filename: 8069_week7_ses4.CSV; skipping
2026-05-28 00:06:51,000 - WARNING - Skipping file with unparseable week: /mnt/nfs/lss/vosslabhpc/Projects/BOOST/InterventionStudy/3-experiment/data/polarhrcsv/Unsupervised/sub8069/8069_week7_ses4.CSV
2026-05-28 00:06:51,000 - WARNING - Could not parse week from filename: 8087_week7_ses1.CSV; skipping
2026-05-28 00:06:51,000 - WARNING - Skipping file with unparseable week: /mnt/nfs/lss/vosslabhpc/Projects/BOOST/InterventionStudy/3-experiment/data/polarhrcsv/Unsupervised/sub8087/8087_week7_ses1.CSV
2026-05-28 00:06:57,944 - WARNING - Found 2754 time values with hour >= 24 in /mnt/nfs/lss/vosslabhpc/Projects/BOOST/InterventionStudy/3-experiment/data/polarhrcsv/Unsupervised/sub8063/8063_wk9_ses14.CSV (sample 24:00:00); normalizing to HH%24
2026-05-28 00:06:58,147 - WARNING - Skipping file with long duration (1 days 00:45:53): /mnt/nfs/lss/vosslabhpc/Projects/BOOST/InterventionStudy/3-experiment/data/polarhrcsv/Unsupervised/sub8063/8063_wk9_ses14.CSV
2026-05-28 00:07:21,577 - WARNING - Skipping file with long duration (0 days 21:03:06): /mnt/nfs/lss/vosslabhpc/Projects/BOOST/InterventionStudy/3-experiment/data/polarhrcsv/Unsupervised/sub8002/8002_wk9_ses13.CSV
2026-05-28 00:07:26,171 - WARNING - Skipping file with long duration (0 days 11:35:26): /mnt/nfs/lss/vosslabhpc/Projects/BOOST/InterventionStudy/3-experiment/data/polarhrcsv/Unsupervised/sub8030/8030_wk11_ses17.CSV
2026-05-28 00:07:28,363 - WARNING - Skipping file with long duration (0 days 09:17:23): /mnt/nfs/lss/vosslabhpc/Projects/BOOST/InterventionStudy/3-experiment/data/polarhrcsv/Unsupervised/sub8030/8030_wk8_ses7.CSV
2026-05-28 00:07:28,923 - WARNING - Skipping file with long duration (0 days 09:36:14): /mnt/nfs/lss/vosslabhpc/Projects/BOOST/InterventionStudy/3-experiment/data/polarhrcsv/Unsupervised/sub8030/8030_wk7_ses4.CSV
2026-05-28 00:07:31,167 - WARNING - Skipping file with long duration (0 days 04:23:53): /mnt/nfs/lss/vosslabhpc/Projects/BOOST/InterventionStudy/3-experiment/data/polarhrcsv/Unsupervised/sub8030/8030_wk10_ses15.CSV
2026-05-28 00:07:33,570 - WARNING - Skipping file with long duration (0 days 04:01:41): /mnt/nfs/lss/vosslabhpc/Projects/BOOST/InterventionStudy/3-experiment/data/polarhrcsv/Unsupervised/sub8030/8030_wk9_ses10.CSV
2026-05-28 00:07:33,844 - WARNING - Skipping file with long duration (0 days 04:27:04): /mnt/nfs/lss/vosslabhpc/Projects/BOOST/InterventionStudy/3-experiment/data/polarhrcsv/Unsupervised/sub8030/8030_wk10_ses13.CSV
2026-05-28 00:07:35,660 - WARNING - Could not parse week from filename: 8088_week7_ses4.CSV; skipping
2026-05-28 00:07:35,660 - WARNING - Skipping file with unparseable week: /mnt/nfs/lss/vosslabhpc/Projects/BOOST/InterventionStudy/3-experiment/data/polarhrcsv/Unsupervised/sub8088/8088_week7_ses4.CSV
2026-05-28 00:07:35,660 - WARNING - Could not parse week from filename: 8088_week7_ses3.CSV; skipping
2026-05-28 00:07:35,660 - WARNING - Skipping file with unparseable week: /mnt/nfs/lss/vosslabhpc/Projects/BOOST/InterventionStudy/3-experiment/data/polarhrcsv/Unsupervised/sub8088/8088_week7_ses3.CSV
2026-05-28 00:07:35,660 - WARNING - Could not parse week from filename: 8088_week10_ses16.CSV; skipping
2026-05-28 00:07:35,660 - WARNING - Skipping file with unparseable week: /mnt/nfs/lss/vosslabhpc/Projects/BOOST/InterventionStudy/3-experiment/data/polarhrcsv/Unsupervised/sub8088/8088_week10_ses16.CSV
2026-05-28 00:07:35,660 - WARNING - Could not parse week from filename: 8088_week7_ses2.CSV; skipping
2026-05-28 00:07:35,660 - WARNING - Skipping file with unparseable week: /mnt/nfs/lss/vosslabhpc/Projects/BOOST/InterventionStudy/3-experiment/data/polarhrcsv/Unsupervised/sub8088/8088_week7_ses2.CSV
2026-05-28 00:07:35,660 - WARNING - Could not parse week from filename: 8088_week7_ses5.CSV; skipping
2026-05-28 00:07:35,660 - WARNING - Skipping file with unparseable week: /mnt/nfs/lss/vosslabhpc/Projects/BOOST/InterventionStudy/3-experiment/data/polarhrcsv/Unsupervised/sub8088/8088_week7_ses5.CSV
2026-05-28 00:07:35,660 - WARNING - Could not parse week from filename: 8088_week9_ses12.CSV; skipping
2026-05-28 00:07:35,660 - WARNING - Skipping file with unparseable week: /mnt/nfs/lss/vosslabhpc/Projects/BOOST/InterventionStudy/3-experiment/data/polarhrcsv/Unsupervised/sub8088/8088_week9_ses12.CSV
2026-05-28 00:07:35,660 - WARNING - Could not parse week from filename: 8088_week10_ses13.CSV; skipping
2026-05-28 00:07:35,660 - WARNING - Skipping file with unparseable week: /mnt/nfs/lss/vosslabhpc/Projects/BOOST/InterventionStudy/3-experiment/data/polarhrcsv/Unsupervised/sub8088/8088_week10_ses13.CSV
2026-05-28 00:07:35,660 - WARNING - Could not parse week from filename: 8088_week10_ses14.CSV; skipping
2026-05-28 00:07:35,660 - WARNING - Skipping file with unparseable week: /mnt/nfs/lss/vosslabhpc/Projects/BOOST/InterventionStudy/3-experiment/data/polarhrcsv/Unsupervised/sub8088/8088_week10_ses14.CSV
2026-05-28 00:07:35,661 - WARNING - Could not parse week from filename: 8088_week8_ses6.CSV; skipping
2026-05-28 00:07:35,661 - WARNING - Skipping file with unparseable week: /mnt/nfs/lss/vosslabhpc/Projects/BOOST/InterventionStudy/3-experiment/data/polarhrcsv/Unsupervised/sub8088/8088_week8_ses6.CSV
2026-05-28 00:07:35,661 - WARNING - Could not parse week from filename: 8088_week7_ses1.CSV; skipping
2026-05-28 00:07:35,661 - WARNING - Skipping file with unparseable week: /mnt/nfs/lss/vosslabhpc/Projects/BOOST/InterventionStudy/3-experiment/data/polarhrcsv/Unsupervised/sub8088/8088_week7_ses1.CSV
2026-05-28 00:07:35,661 - WARNING - Could not parse week from filename: 8088_week9_ses11.CSV; skipping
2026-05-28 00:07:35,661 - WARNING - Skipping file with unparseable week: /mnt/nfs/lss/vosslabhpc/Projects/BOOST/InterventionStudy/3-experiment/data/polarhrcsv/Unsupervised/sub8088/8088_week9_ses11.CSV
2026-05-28 00:07:35,661 - WARNING - Could not parse week from filename: 8088_week8_ses8.CSV; skipping
2026-05-28 00:07:35,661 - WARNING - Skipping file with unparseable week: /mnt/nfs/lss/vosslabhpc/Projects/BOOST/InterventionStudy/3-experiment/data/polarhrcsv/Unsupervised/sub8088/8088_week8_ses8.CSV
2026-05-28 00:07:35,661 - WARNING - Could not parse week from filename: 8088_week8_ses9.CSV; skipping
2026-05-28 00:07:35,661 - WARNING - Skipping file with unparseable week: /mnt/nfs/lss/vosslabhpc/Projects/BOOST/InterventionStudy/3-experiment/data/polarhrcsv/Unsupervised/sub8088/8088_week8_ses9.CSV
2026-05-28 00:07:35,661 - WARNING - Could not parse week from filename: 8088_week8_ses10.CSV; skipping
2026-05-28 00:07:35,661 - WARNING - Skipping file with unparseable week: /mnt/nfs/lss/vosslabhpc/Projects/BOOST/InterventionStudy/3-experiment/data/polarhrcsv/Unsupervised/sub8088/8088_week8_ses10.CSV
2026-05-28 00:07:35,661 - WARNING - Could not parse week from filename: 8088_week8_ses7.CSV; skipping
2026-05-28 00:07:35,661 - WARNING - Skipping file with unparseable week: /mnt/nfs/lss/vosslabhpc/Projects/BOOST/InterventionStudy/3-experiment/data/polarhrcsv/Unsupervised/sub8088/8088_week8_ses7.CSV
2026-05-28 00:07:35,661 - WARNING - Could not parse week from filename: 8088_week10_ses15.CSV; skipping
2026-05-28 00:07:35,661 - WARNING - Skipping file with unparseable week: /mnt/nfs/lss/vosslabhpc/Projects/BOOST/InterventionStudy/3-experiment/data/polarhrcsv/Unsupervised/sub8088/8088_week10_ses15.CSV
2026-05-28 00:07:35,935 - WARNING - Skipping file with long duration (0 days 11:33:20): /mnt/nfs/lss/vosslabhpc/Projects/BOOST/InterventionStudy/3-experiment/data/polarhrcsv/Unsupervised/sub8011/8011_wk10_ses8.CSV
2026-05-28 00:07:36,332 - WARNING - Found 41732 time values with hour >= 24 in /mnt/nfs/lss/vosslabhpc/Projects/BOOST/InterventionStudy/3-experiment/data/polarhrcsv/Unsupervised/sub8011/8011_wk12_ses13.CSV (sample 24:00:00); normalizing to HH%24
2026-05-28 00:07:36,634 - WARNING - Skipping file with long duration (1 days 11:35:31): /mnt/nfs/lss/vosslabhpc/Projects/BOOST/InterventionStudy/3-experiment/data/polarhrcsv/Unsupervised/sub8011/8011_wk12_ses13.CSV
2026-05-28 00:07:38,011 - WARNING - Skipping file with long duration (0 days 04:52:27): /mnt/nfs/lss/vosslabhpc/Projects/BOOST/InterventionStudy/3-experiment/data/polarhrcsv/Unsupervised/sub8011/8011_wk7_ses2.CSV
2026-05-28 00:07:45,134 - WARNING - Could not parse week from filename: 8068_week11_ses21.CSV; skipping
2026-05-28 00:07:45,134 - WARNING - Skipping file with unparseable week: /mnt/nfs/lss/vosslabhpc/Projects/BOOST/InterventionStudy/3-experiment/data/polarhrcsv/Unsupervised/sub8068/8068_week11_ses21.CSV
2026-05-28 00:07:45,134 - WARNING - Could not parse week from filename: 8068_week11_ses20.CSV; skipping
2026-05-28 00:07:45,134 - WARNING - Skipping file with unparseable week: /mnt/nfs/lss/vosslabhpc/Projects/BOOST/InterventionStudy/3-experiment/data/polarhrcsv/Unsupervised/sub8068/8068_week11_ses20.CSV
2026-05-28 00:07:45,600 - WARNING - Could not parse week from filename: 8068_week12_ses23.CSV; skipping
2026-05-28 00:07:45,600 - WARNING - Skipping file with unparseable week: /mnt/nfs/lss/vosslabhpc/Projects/BOOST/InterventionStudy/3-experiment/data/polarhrcsv/Unsupervised/sub8068/8068_week12_ses23.CSV
2026-05-28 00:07:45,894 - WARNING - Could not parse week from filename: 8068_week10_ses16.CSV; skipping
2026-05-28 00:07:45,894 - WARNING - Skipping file with unparseable week: /mnt/nfs/lss/vosslabhpc/Projects/BOOST/InterventionStudy/3-experiment/data/polarhrcsv/Unsupervised/sub8068/8068_week10_ses16.CSV
2026-05-28 00:07:45,894 - WARNING - Could not parse week from filename: 8068_week11_ses18.CSV; skipping
2026-05-28 00:07:45,894 - WARNING - Skipping file with unparseable week: /mnt/nfs/lss/vosslabhpc/Projects/BOOST/InterventionStudy/3-experiment/data/polarhrcsv/Unsupervised/sub8068/8068_week11_ses18.CSV
2026-05-28 00:07:45,894 - WARNING - Could not parse week from filename: 8068_week11_ses19.CSV; skipping
2026-05-28 00:07:45,894 - WARNING - Skipping file with unparseable week: /mnt/nfs/lss/vosslabhpc/Projects/BOOST/InterventionStudy/3-experiment/data/polarhrcsv/Unsupervised/sub8068/8068_week11_ses19.CSV
2026-05-28 00:07:46,030 - WARNING - Could not parse week from filename: 8068_week10_ses17.CSV; skipping
2026-05-28 00:07:46,030 - WARNING - Skipping file with unparseable week: /mnt/nfs/lss/vosslabhpc/Projects/BOOST/InterventionStudy/3-experiment/data/polarhrcsv/Unsupervised/sub8068/8068_week10_ses17.CSV
2026-05-28 00:07:46,030 - WARNING - Could not parse week from filename: 8068_week12_ses22.CSV; skipping
2026-05-28 00:07:46,030 - WARNING - Skipping file with unparseable week: /mnt/nfs/lss/vosslabhpc/Projects/BOOST/InterventionStudy/3-experiment/data/polarhrcsv/Unsupervised/sub8068/8068_week12_ses22.CSV
2026-05-28 00:07:54,176 - WARNING - Could not parse week from filename: 8076_week12_ses27.CSV; skipping
2026-05-28 00:07:54,176 - WARNING - Skipping file with unparseable week: /mnt/nfs/lss/vosslabhpc/Projects/BOOST/InterventionStudy/3-experiment/data/polarhrcsv/Unsupervised/sub8076/8076_week12_ses27.CSV
2026-05-28 00:07:54,750 - WARNING - Could not parse week from filename: 8076_week12_ses29.CSV; skipping
2026-05-28 00:07:54,750 - WARNING - Skipping file with unparseable week: /mnt/nfs/lss/vosslabhpc/Projects/BOOST/InterventionStudy/3-experiment/data/polarhrcsv/Unsupervised/sub8076/8076_week12_ses29.CSV
2026-05-28 00:07:54,750 - WARNING - Could not parse week from filename: 8076_week10_ses20.CSV; skipping
2026-05-28 00:07:54,750 - WARNING - Skipping file with unparseable week: /mnt/nfs/lss/vosslabhpc/Projects/BOOST/InterventionStudy/3-experiment/data/polarhrcsv/Unsupervised/sub8076/8076_week10_ses20.CSV
2026-05-28 00:07:55,075 - WARNING - Could not parse week from filename: 8076_week11_ses21.CSV; skipping
2026-05-28 00:07:55,075 - WARNING - Skipping file with unparseable week: /mnt/nfs/lss/vosslabhpc/Projects/BOOST/InterventionStudy/3-experiment/data/polarhrcsv/Unsupervised/sub8076/8076_week11_ses21.CSV
2026-05-28 00:07:55,459 - WARNING - Could not parse week from filename: 8076_week12_ses28.CSV; skipping
2026-05-28 00:07:55,460 - WARNING - Skipping file with unparseable week: /mnt/nfs/lss/vosslabhpc/Projects/BOOST/InterventionStudy/3-experiment/data/polarhrcsv/Unsupervised/sub8076/8076_week12_ses28.CSV
2026-05-28 00:07:55,699 - WARNING - Could not parse week from filename: 8076_week12_ses26.CSV; skipping
2026-05-28 00:07:55,699 - WARNING - Skipping file with unparseable week: /mnt/nfs/lss/vosslabhpc/Projects/BOOST/InterventionStudy/3-experiment/data/polarhrcsv/Unsupervised/sub8076/8076_week12_ses26.CSV
2026-05-28 00:07:55,777 - WARNING - Could not parse week from filename: 8076_week11_ses25.CSV; skipping
2026-05-28 00:07:55,777 - WARNING - Skipping file with unparseable week: /mnt/nfs/lss/vosslabhpc/Projects/BOOST/InterventionStudy/3-experiment/data/polarhrcsv/Unsupervised/sub8076/8076_week11_ses25.CSV
2026-05-28 00:07:55,777 - WARNING - Could not parse week from filename: 8076_week11_ses22.CSV; skipping
2026-05-28 00:07:55,777 - WARNING - Skipping file with unparseable week: /mnt/nfs/lss/vosslabhpc/Projects/BOOST/InterventionStudy/3-experiment/data/polarhrcsv/Unsupervised/sub8076/8076_week11_ses22.CSV
2026-05-28 00:07:56,365 - WARNING - Could not parse week from filename: 8076_week11_ses23.CSV; skipping
2026-05-28 00:07:56,365 - WARNING - Skipping file with unparseable week: /mnt/nfs/lss/vosslabhpc/Projects/BOOST/InterventionStudy/3-experiment/data/polarhrcsv/Unsupervised/sub8076/8076_week11_ses23.CSV
2026-05-28 00:07:56,433 - WARNING - Could not parse week from filename: 8076_week11_ses24.CSV; skipping
2026-05-28 00:07:56,433 - WARNING - Skipping file with unparseable week: /mnt/nfs/lss/vosslabhpc/Projects/BOOST/InterventionStudy/3-experiment/data/polarhrcsv/Unsupervised/sub8076/8076_week11_ses24.CSV
2026-05-28 00:08:03,892 - WARNING - Could not parse week from filename: 8065_week11_ses18.CSV; skipping
2026-05-28 00:08:03,892 - WARNING - Skipping file with unparseable week: /mnt/nfs/lss/vosslabhpc/Projects/BOOST/InterventionStudy/3-experiment/data/polarhrcsv/Unsupervised/sub8065/8065_week11_ses18.CSV
2026-05-28 00:08:03,892 - WARNING - Could not parse week from filename: 8065_week10_ses16.CSV; skipping
2026-05-28 00:08:03,892 - WARNING - Skipping file with unparseable week: /mnt/nfs/lss/vosslabhpc/Projects/BOOST/InterventionStudy/3-experiment/data/polarhrcsv/Unsupervised/sub8065/8065_week10_ses16.CSV
2026-05-28 00:08:06,834 - WARNING - Could not parse week from filename: 8065_week12_ses19.CSV; skipping
2026-05-28 00:08:06,834 - WARNING - Skipping file with unparseable week: /mnt/nfs/lss/vosslabhpc/Projects/BOOST/InterventionStudy/3-experiment/data/polarhrcsv/Unsupervised/sub8065/8065_week12_ses19.CSV
2026-05-28 00:08:06,834 - WARNING - Could not parse week from filename: 8065_week11_ses17.CSV; skipping
2026-05-28 00:08:06,834 - WARNING - Skipping file with unparseable week: /mnt/nfs/lss/vosslabhpc/Projects/BOOST/InterventionStudy/3-experiment/data/polarhrcsv/Unsupervised/sub8065/8065_week11_ses17.CSV
2026-05-28 00:08:07,411 - WARNING - Could not parse week from filename: 8065_week12_ses21.CSV; skipping
2026-05-28 00:08:07,411 - WARNING - Skipping file with unparseable week: /mnt/nfs/lss/vosslabhpc/Projects/BOOST/InterventionStudy/3-experiment/data/polarhrcsv/Unsupervised/sub8065/8065_week12_ses21.CSV
2026-05-28 00:08:07,411 - WARNING - Could not parse week from filename: 8065_week12_ses20.CSV; skipping
2026-05-28 00:08:07,411 - WARNING - Skipping file with unparseable week: /mnt/nfs/lss/vosslabhpc/Projects/BOOST/InterventionStudy/3-experiment/data/polarhrcsv/Unsupervised/sub8065/8065_week12_ses20.CSV
2026-05-28 00:08:07,411 - WARNING - Could not parse week from filename: 8065_week10_ses15.CSV; skipping
2026-05-28 00:08:07,411 - WARNING - Skipping file with unparseable week: /mnt/nfs/lss/vosslabhpc/Projects/BOOST/InterventionStudy/3-experiment/data/polarhrcsv/Unsupervised/sub8065/8065_week10_ses15.CSV
2026-05-28 00:08:09,726 - WARNING - Skipping file with long duration (0 days 12:55:13): /mnt/nfs/lss/vosslabhpc/Projects/BOOST/InterventionStudy/3-experiment/data/polarhrcsv/Unsupervised/sub8018/8018_wk12_ses16.CSV
2026-05-28 00:08:10,523 - WARNING - Skipping file with long duration (0 days 16:29:05): /mnt/nfs/lss/vosslabhpc/Projects/BOOST/InterventionStudy/3-experiment/data/polarhrcsv/Unsupervised/sub8018/8018_wk8_ses8.CSV
2026-05-28 00:08:11,153 - WARNING - Skipping file with long duration (0 days 13:17:43): /mnt/nfs/lss/vosslabhpc/Projects/BOOST/InterventionStudy/3-experiment/data/polarhrcsv/Unsupervised/sub8018/8018_wk7_ses1.CSV
2026-05-28 00:08:19,221 - WARNING - Skipping file with long duration (0 days 04:44:14): /mnt/nfs/lss/vosslabhpc/Projects/BOOST/InterventionStudy/3-experiment/data/polarhrcsv/Unsupervised/sub8020/8020_wk7_ses1.CSV
2026-05-28 00:08:20,402 - WARNING - Skipping file with long duration (0 days 05:08:29): /mnt/nfs/lss/vosslabhpc/Projects/BOOST/InterventionStudy/3-experiment/data/polarhrcsv/Unsupervised/sub8020/8020_wk7_ses5.CSV
2026-05-28 00:08:21,793 - WARNING - Skipping file with long duration (0 days 12:25:52): /mnt/nfs/lss/vosslabhpc/Projects/BOOST/InterventionStudy/3-experiment/data/polarhrcsv/Unsupervised/sub8020/8020_wk7_ses4.CSV
2026-05-28 00:08:22,885 - INFO - QC summary written: qc_out.csv (1824 rows)
2026-05-28 00:08:22,915 - INFO - Zone QC summary written: zone_out.csv (1910 rows)
